"X(um)","Z(um)"
"0.000 ","-626.157 "
"23.467 ","-626.359 "
"46.933 ","-626.912 "
"70.400 ","-627.714 "
"93.867 ","-628.570 "
"117.334 ","-629.027 "
"140.800 ","-628.682 "
"164.267 ","-627.734 "
"187.734 ","-626.883 "
"211.201 ","-626.830 "
"234.667 ","-627.229 "
"258.134 ","-627.732 "
"281.601 ","-628.338 "
"305.068 ","-629.043 "
"328.534 ","-629.593 "
"352.001 ","-629.238 "
"375.468 ","-628.282 "
"398.935 ","-627.322 "
"422.401 ","-626.807 "
"445.868 ","-626.558 "
"469.335 ","-626.187 "
"492.802 ","-625.934 "
"516.268 ","-626.259 "
"539.735 ","-627.193 "
"563.202 ","-628.144 "
"586.669 ","-628.444 "
"610.135 ","-628.209 "
"633.602 ","-627.782 "
"657.069 ","-627.420 "
"680.536 ","-627.177 "
"704.002 ","-627.206 "
"727.469 ","-627.473 "
"750.936 ","-627.950 "
"774.403 ","-628.419 "
"797.869 ","-628.843 "
"821.336 ","-629.447 "
"844.803 ","-630.065 "
"868.270 ","-630.267 "
"891.736 ","-629.605 "
"915.203 ","-628.478 "
"938.670 ","-627.100 "
"962.136 ","-625.841 "
"985.603 ","-625.155 "
"1009.070 ","-625.335 "
"1032.537 ","-625.884 "
"1056.003 ","-626.031 "
"1079.470 ","-626.116 "
"1102.937 ","-626.592 "
"1126.404 ","-627.030 "
"1149.870 ","-627.044 "
"1173.337 ","-626.893 "
"1196.804 ","-627.172 "
"1220.271 ","-627.564 "
"1243.737 ","-627.831 "
"1267.204 ","-627.994 "
"1290.671 ","-627.578 "
"1314.138 ","-626.487 "
"1337.604 ","-624.970 "
"1361.071 ","-623.962 "
"1384.538 ","-624.323 "
"1408.005 ","-625.814 "
"1431.471 ","-627.912 "
"1454.938 ","-629.806 "
"1478.405 ","-630.749 "
"1501.872 ","-630.282 "
"1525.338 ","-628.490 "
"1548.805 ","-626.417 "
"1572.272 ","-624.999 "
"1595.739 ","-624.478 "
"1619.205 ","-624.713 "
"1642.672 ","-625.737 "
"1666.139 ","-627.020 "
"1689.606 ","-627.852 "
"1713.072 ","-628.007 "
"1736.539 ","-627.569 "
"1760.006 ","-626.615 "
"1783.473 ","-625.658 "
"1806.939 ","-625.414 "
"1830.406 ","-626.002 "
"1853.873 ","-627.223 "
"1877.339 ","-628.729 "
"1900.806 ","-629.980 "
"1924.273 ","-630.424 "
"1947.740 ","-630.125 "
"1971.206 ","-629.690 "
"1994.673 ","-629.689 "
"2018.140 ","-629.882 "
"2041.607 ","-629.480 "
"2065.073 ","-627.935 "
"2088.540 ","-625.765 "
"2112.007 ","-624.341 "
"2135.474 ","-623.891 "
"2158.940 ","-624.410 "
"2182.407 ","-625.418 "
"2205.874 ","-626.301 "
"2229.341 ","-626.897 "
"2252.807 ","-627.156 "
"2276.274 ","-627.495 "
"2299.741 ","-627.630 "
"2323.208 ","-627.259 "
"2346.674 ","-626.559 "
"2370.141 ","-625.941 "
"2393.608 ","-625.960 "
"2417.075 ","-626.645 "
"2440.541 ","-627.245 "
"2464.008 ","-626.933 "
"2487.475 ","-625.717 "
"2510.942 ","-624.611 "
"2534.408 ","-624.815 "
"2557.875 ","-626.343 "
"2581.342 ","-628.139 "
"2604.809 ","-629.151 "
"2628.275 ","-629.114 "
"2651.742 ","-628.578 "
"2675.209 ","-627.974 "
"2698.675 ","-627.752 "
"2722.142 ","-627.813 "
"2745.609 ","-628.138 "
"2769.076 ","-628.777 "
"2792.542 ","-629.621 "
"2816.009 ","-630.679 "
"2839.476 ","-631.577 "
"2862.943 ","-631.684 "
"2886.409 ","-630.583 "
"2909.876 ","-628.756 "
"2933.343 ","-627.317 "
"2956.810 ","-626.593 "
"2980.276 ","-626.306 "
"3003.743 ","-626.180 "
"3027.210 ","-626.041 "
"3050.677 ","-625.919 "
"3074.143 ","-625.927 "
"3097.610 ","-626.037 "
"3121.077 ","-625.690 "
"3144.544 ","-624.915 "
"3168.010 ","-624.230 "
"3191.477 ","-624.049 "
"3214.944 ","-624.389 "
"3238.411 ","-624.831 "
"3261.877 ","-625.350 "
"3285.344 ","-625.632 "
"3308.811 ","-625.296 "
"3332.278 ","-624.679 "
"3355.744 ","-624.979 "
"3379.211 ","-626.564 "
"3402.678 ","-628.311 "
"3426.145 ","-628.892 "
"3449.611 ","-628.358 "
"3473.078 ","-627.947 "
"3496.545 ","-627.682 "
"3520.012 ","-627.280 "
"3543.478 ","-626.597 "
"3566.945 ","-625.911 "
"3590.412 ","-625.584 "
"3613.878 ","-625.714 "
"3637.345 ","-626.248 "
"3660.812 ","-626.801 "
"3684.279 ","-626.623 "
"3707.745 ","-625.496 "
"3731.212 ","-623.963 "
"3754.679 ","-623.461 "
"3778.146 ","-624.598 "
"3801.612 ","-626.436 "
"3825.079 ","-628.030 "
"3848.546 ","-628.280 "
"3872.013 ","-627.130 "
"3895.479 ","-625.331 "
"3918.946 ","-623.879 "
"3942.413 ","-623.370 "
"3965.880 ","-623.558 "
"3989.346 ","-623.901 "
"4012.813 ","-623.860 "
"4036.280 ","-623.380 "
"4059.747 ","-623.080 "
"4083.213 ","-623.338 "
"4106.680 ","-623.738 "
"4130.147 ","-623.972 "
"4153.614 ","-624.234 "
"4177.080 ","-624.804 "
"4200.547 ","-625.522 "
"4224.014 ","-625.834 "
"4247.481 ","-625.147 "
"4270.947 ","-623.574 "
"4294.414 ","-622.311 "
"4317.881 ","-622.207 "
"4341.348 ","-623.175 "
"4364.814 ","-624.101 "
"4388.281 ","-624.237 "
"4411.748 ","-623.953 "
"4435.215 ","-623.951 "
"4458.681 ","-624.504 "
"4482.148 ","-624.787 "
"4505.615 ","-624.620 "
"4529.081 ","-624.635 "
"4552.548 ","-624.810 "
"4576.015 ","-624.609 "
"4599.482 ","-623.726 "
"4622.948 ","-622.626 "
"4646.415 ","-622.080 "
"4669.882 ","-622.712 "
"4693.349 ","-624.334 "
"4716.815 ","-625.866 "
"4740.282 ","-626.590 "
"4763.749 ","-626.418 "
"4787.216 ","-625.846 "
"4810.682 ","-625.288 "
"4834.149 ","-625.101 "
"4857.616 ","-625.454 "
"4881.083 ","-625.699 "
"4904.549 ","-625.512 "
"4928.016 ","-625.174 "
"4951.483 ","-625.174 "
"4974.950 ","-625.491 "
"4998.416 ","-625.848 "
"5021.883 ","-625.944 "
"5045.350 ","-625.580 "
"5068.817 ","-624.879 "
"5092.283 ","-624.140 "
"5115.750 ","-623.749 "
"5139.217 ","-623.729 "
"5162.684 ","-624.100 "
"5186.150 ","-624.498 "
"5209.617 ","-624.561 "
"5233.084 ","-624.325 "
"5256.551 ","-624.022 "
"5280.017 ","-623.914 "
"5303.484 ","-624.050 "
"5326.951 ","-624.357 "
"5350.418 ","-624.656 "
"5373.884 ","-624.980 "
"5397.351 ","-625.236 "
"5420.818 ","-625.453 "
"5444.284 ","-625.549 "
"5467.751 ","-625.525 "
"5491.218 ","-625.651 "
"5514.685 ","-626.123 "
"5538.151 ","-626.798 "
"5561.618 ","-627.204 "
"5585.085 ","-627.285 "
"5608.552 ","-627.417 "
"5632.018 ","-627.270 "
"5655.485 ","-626.625 "
"5678.952 ","-625.634 "
"5702.419 ","-624.643 "
"5725.885 ","-624.222 "
"5749.352 ","-624.498 "
"5772.819 ","-625.247 "
"5796.286 ","-625.771 "
"5819.752 ","-625.515 "
"5843.219 ","-624.853 "
"5866.686 ","-624.169 "
"5890.153 ","-623.646 "
"5913.619 ","-623.615 "
"5937.086 ","-624.296 "
"5960.553 ","-625.665 "
"5984.020 ","-627.120 "
"6007.486 ","-627.936 "
"6030.953 ","-627.960 "
"6054.420 ","-627.269 "
"6077.887 ","-626.135 "
"6101.353 ","-625.009 "
"6124.820 ","-624.492 "
"6148.287 ","-624.638 "
"6171.754 ","-624.665 "
"6195.220 ","-624.308 "
"6218.687 ","-623.685 "
"6242.154 ","-623.347 "
"6265.620 ","-623.930 "
"6289.087 ","-625.281 "
"6312.554 ","-626.698 "
"6336.021 ","-627.162 "
"6359.487 ","-626.435 "
"6382.954 ","-625.158 "
"6406.421 ","-624.368 "
"6429.888 ","-624.592 "
"6453.354 ","-625.793 "
"6476.821 ","-627.313 "
"6500.288 ","-628.224 "
"6523.755 ","-628.286 "
"6547.221 ","-627.506 "
"6570.688 ","-626.518 "
"6594.155 ","-625.790 "
"6617.622 ","-625.659 "
"6641.088 ","-626.301 "
"6664.555 ","-626.938 "
"6688.022 ","-626.152 "
"6711.489 ","-623.891 "
"6734.955 ","-621.692 "
"6758.422 ","-621.140 "
"6781.889 ","-622.207 "
"6805.356 ","-623.774 "
"6828.822 ","-624.676 "
"6852.289 ","-624.860 "
"6875.756 ","-625.047 "
"6899.223 ","-625.319 "
"6922.689 ","-625.246 "
"6946.156 ","-624.612 "
"6969.623 ","-623.887 "
"6993.090 ","-623.382 "
"7016.556 ","-623.078 "
"7040.023 ","-623.055 "
"7063.490 ","-623.230 "
"7086.957 ","-623.441 "
"7110.423 ","-623.690 "
"7133.890 ","-623.809 "
"7157.357 ","-623.803 "
"7180.823 ","-623.823 "
"7204.290 ","-624.000 "
"7227.757 ","-624.159 "
"7251.224 ","-624.130 "
"7274.690 ","-623.921 "
"7298.157 ","-624.017 "
"7321.624 ","-624.221 "
"7345.091 ","-624.082 "
"7368.557 ","-623.638 "
"7392.024 ","-623.231 "
"7415.491 ","-622.973 "
"7438.958 ","-622.224 "
"7462.424 ","-621.279 "
"7485.891 ","-620.880 "
"7509.358 ","-621.378 "
"7532.825 ","-622.027 "
"7556.291 ","-622.429 "
"7579.758 ","-622.633 "
"7603.225 ","-623.090 "
"7626.692 ","-623.649 "
"7650.158 ","-623.750 "
"7673.625 ","-623.483 "
"7697.092 ","-623.151 "
"7720.559 ","-623.075 "
"7744.025 ","-622.820 "
"7767.492 ","-622.326 "
"7790.959 ","-621.888 "
"7814.426 ","-621.367 "
"7837.892 ","-620.773 "
"7861.359 ","-620.828 "
"7884.826 ","-621.395 "
"7908.293 ","-622.267 "
"7931.759 ","-623.273 "
"7955.226 ","-624.249 "
"7978.693 ","-624.607 "
"8002.160 ","-623.851 "
"8025.626 ","-623.165 "
"8049.093 ","-623.218 "
"8072.560 ","-623.659 "
"8096.026 ","-623.804 "
"8119.493 ","-623.830 "
"8142.960 ","-624.127 "
"8166.427 ","-624.252 "
"8189.893 ","-623.786 "
"8213.360 ","-623.020 "
"8236.827 ","-622.240 "
"8260.294 ","-621.357 "
"8283.760 ","-620.630 "
"8307.227 ","-620.637 "
"8330.694 ","-621.226 "
"8354.161 ","-621.463 "
"8377.627 ","-621.315 "
"8401.094 ","-621.130 "
"8424.561 ","-621.369 "
"8448.028 ","-621.520 "
"8471.494 ","-620.811 "
"8494.961 ","-619.763 "
"8518.428 ","-619.308 "
"8541.895 ","-619.966 "
"8565.361 ","-620.860 "
"8588.828 ","-621.351 "
"8612.295 ","-621.516 "
"8635.762 ","-621.388 "
"8659.228 ","-621.378 "
"8682.695 ","-621.648 "
"8706.162 ","-621.912 "
"8729.629 ","-621.728 "
"8753.095 ","-621.452 "
"8776.562 ","-621.567 "
"8800.029 ","-622.027 "
"8823.496 ","-622.361 "
"8846.962 ","-622.573 "
"8870.429 ","-623.163 "
"8893.896 ","-624.080 "
"8917.363 ","-624.801 "
"8940.829 ","-624.670 "
"8964.296 ","-623.700 "
"8987.763 ","-622.483 "
"9011.229 ","-621.656 "
"9034.696 ","-621.444 "
"9058.163 ","-621.387 "
"9081.630 ","-621.086 "
"9105.096 ","-620.924 "
"9128.563 ","-621.465 "
"9152.030 ","-622.590 "
"9175.497 ","-623.223 "
"9198.963 ","-622.783 "
"9222.430 ","-621.891 "
"9245.897 ","-621.695 "
"9269.364 ","-621.994 "
"9292.830 ","-620.987 "
"9316.297 ","-617.321 "
"9339.764 ","-610.154 "
"9363.231 ","-597.292 "
"9386.697 ","-575.918 "
"9410.164 ","-545.808 "
"9433.631 ","-508.681 "
"9457.098 ","-468.029 "
"9480.564 ","-430.387 "
"9504.031 ","-401.304 "
"9527.498 ","-380.936 "
"9550.965 ","-362.446 "
"9574.431 ","-341.727 "
"9597.898 ","-321.269 "
"9621.365 ","-304.480 "
"9644.832 ","-291.489 "
"9668.298 ","-277.135 "
"9691.765 ","-257.504 "
"9715.232 ","-233.804 "
"9738.699 ","-211.222 "
"9762.165 ","-195.720 "
"9785.632 ","-189.214 "
"9809.099 ","-187.012 "
"9832.565 ","-182.717 "
"9856.032 ","-171.650 "
"9879.499 ","-149.623 "
"9902.966 ","-111.881 "
"9926.432 ","-56.340 "
"9949.899 ","11.073 "
"9973.366 ","77.562 "
"9996.833 ","134.409 "
"10020.299 ","180.338 "
"10043.766 ","221.614 "
"10067.233 ","259.307 "
"10090.700 ","290.593 "
"10114.166 ","320.050 "
"10137.633 ","355.067 "
"10161.100 ","398.313 "
"10184.567 ","441.300 "
"10208.033 ","474.599 "
"10231.500 ","495.810 "
"10254.967 ","510.252 "
"10278.434 ","527.693 "
"10301.900 ","552.925 "
"10325.367 ","585.019 "
"10348.834 ","621.188 "
"10372.301 ","656.121 "
"10395.767 ","684.653 "
"10419.234 ","707.139 "
"10442.701 ","732.895 "
"10466.168 ","768.212 "
"10489.634 ","809.565 "
"10513.101 ","848.170 "
"10536.568 ","877.474 "
"10560.035 ","897.560 "
"10583.501 ","913.740 "
"10606.968 ","934.050 "
"10630.435 ","962.815 "
"10653.902 ","998.199 "
"10677.368 ","1034.530 "
"10700.835 ","1066.635 "
"10724.302 ","1094.515 "
"10747.768 ","1125.451 "
"10771.235 ","1164.713 "
"10794.702 ","1210.921 "
"10818.169 ","1260.023 "
"10841.635 ","1310.067 "
"10865.102 ","1359.561 "
"10888.569 ","1404.361 "
"10912.036 ","1443.299 "
"10935.502 ","1475.703 "
"10958.969 ","1500.689 "
"10982.436 ","1520.562 "
"11005.903 ","1541.604 "
"11029.369 ","1569.617 "
"11052.836 ","1603.634 "
"11076.303 ","1639.983 "
"11099.770 ","1675.251 "
"11123.236 ","1711.560 "
"11146.703 ","1752.132 "
"11170.170 ","1796.603 "
"11193.637 ","1838.287 "
"11217.103 ","1869.868 "
"11240.570 ","1891.150 "
"11264.037 ","1905.411 "
"11287.504 ","1918.757 "
"11310.970 ","1937.389 "
"11334.437 ","1964.940 "
"11357.904 ","2001.207 "
"11381.371 ","2041.026 "
"11404.837 ","2081.046 "
"11428.304 ","2120.787 "
"11451.771 ","2161.206 "
"11475.238 ","2202.648 "
"11498.704 ","2240.060 "
"11522.171 ","2268.487 "
"11545.638 ","2286.348 "
"11569.105 ","2300.131 "
"11592.571 ","2317.816 "
"11616.038 ","2341.510 "
"11639.505 ","2368.787 "
"11662.971 ","2398.129 "
"11686.438 ","2428.638 "
"11709.905 ","2458.683 "
"11733.372 ","2487.760 "
"11756.838 ","2520.185 "
"11780.305 ","2558.694 "
"11803.772 ","2597.667 "
"11827.239 ","2630.379 "
"11850.705 ","2653.575 "
"11874.172 ","2669.175 "
"11897.639 ","2679.560 "
"11921.106 ","2687.701 "
"11944.572 ","2699.842 "
"11968.039 ","2719.700 "
"11991.506 ","2748.401 "
"12014.973 ","2782.200 "
"12038.439 ","2829.113 "
"12061.906 ","2912.102 "
"12085.373 ","2967.280 "
"12108.840 ","2975.521 "
"12132.306 ","2988.706 "
"12155.773 ","3006.808 "
"12179.240 ","3024.687 "
"12202.707 ","3038.421 "
"12226.173 ","3052.038 "
"12249.640 ","3078.077 "
"12273.107 ","3113.879 "
"12296.574 ","3172.711 "
"12320.040 ","3248.098 "
"12343.507 ","3303.092 "
"12366.974 ","3339.496 "
"12390.441 ","3359.690 "
"12413.907 ","3364.858 "
"12437.374 ","3377.994 "
"12460.841 ","3411.719 "
"12484.308 ","3457.010 "
"12507.774 ","3498.441 "
"12531.241 ","3529.242 "
"12554.708 ","3556.134 "
"12578.174 ","3585.480 "
"12601.641 ","3613.528 "
"12625.108 ","3635.057 "
"12648.575 ","3654.026 "
"12672.041 ","3675.177 "
"12695.508 ","3702.639 "
"12718.975 ","3735.807 "
"12742.442 ","3766.363 "
"12765.908 ","3788.723 "
"12789.375 ","3805.381 "
"12812.842 ","3825.559 "
"12836.309 ","3853.594 "
"12859.775 ","3885.413 "
"12883.242 ","3915.099 "
"12906.709 ","3938.727 "
"12930.176 ","3957.894 "
"12953.642 ","3974.006 "
"12977.109 ","3990.153 "
"13000.576 ","4009.883 "
"13024.043 ","4033.430 "
"13047.509 ","4057.731 "
"13070.976 ","4080.626 "
"13094.443 ","4103.643 "
"13117.910 ","4129.632 "
"13141.376 ","4159.884 "
"13164.843 ","4194.920 "
"13188.310 ","4233.312 "
"13211.777 ","4269.885 "
"13235.243 ","4301.616 "
"13258.710 ","4328.082 "
"13282.177 ","4350.670 "
"13305.644 ","4370.882 "
"13329.110 ","4391.628 "
"13352.577 ","4416.398 "
"13376.044 ","4445.180 "
"13399.510 ","4474.117 "
"13422.977 ","4499.900 "
"13446.444 ","4522.204 "
"13469.911 ","4541.167 "
"13493.377 ","4559.737 "
"13516.844 ","4581.220 "
"13540.311 ","4608.395 "
"13563.778 ","4638.769 "
"13587.244 ","4667.895 "
"13610.711 ","4696.132 "
"13634.178 ","4725.596 "
"13657.645 ","4755.833 "
"13681.111 ","4785.664 "
"13704.578 ","4816.322 "
"13728.045 ","4850.030 "
"13751.512 ","4885.427 "
"13774.978 ","4918.072 "
"13798.445 ","4945.550 "
"13821.912 ","4970.643 "
"13845.379 ","4999.424 "
"13868.845 ","5031.975 "
"13892.312 ","5062.153 "
"13915.779 ","5087.284 "
"13939.246 ","5109.728 "
"13962.712 ","5131.295 "
"13986.179 ","5152.289 "
"14009.646 ","5175.242 "
"14033.113 ","5201.872 "
"14056.579 ","5231.294 "
"14080.046 ","5261.641 "
"14103.513 ","5290.756 "
"14126.980 ","5316.558 "
"14150.446 ","5337.803 "
"14173.913 ","5356.628 "
"14197.380 ","5375.830 "
"14220.847 ","5398.401 "
"14244.313 ","5426.986 "
"14267.780 ","5461.098 "
"14291.247 ","5495.336 "
"14314.713 ","5524.651 "
"14338.180 ","5550.107 "
"14361.647 ","5575.192 "
"14385.114 ","5604.007 "
"14408.580 ","5637.036 "
"14432.047 ","5669.766 "
"14455.514 ","5697.064 "
"14478.981 ","5717.039 "
"14502.447 ","5733.247 "
"14525.914 ","5747.543 "
"14549.381 ","5760.017 "
"14572.848 ","5772.192 "
"14596.314 ","5786.744 "
"14619.781 ","5806.946 "
"14643.248 ","5832.635 "
"14666.715 ","5859.212 "
"14690.181 ","5881.919 "
"14713.648 ","5900.375 "
"14737.115 ","5917.806 "
"14760.582 ","5937.365 "
"14784.048 ","5962.244 "
"14807.515 ","5992.885 "
"14830.982 ","6024.811 "
"14854.449 ","6053.773 "
"14877.915 ","6078.432 "
"14901.382 ","6100.235 "
"14924.849 ","6119.037 "
"14948.316 ","6135.229 "
"14971.782 ","6152.911 "
"14995.249 ","6174.509 "
"15018.716 ","6198.819 "
"15042.183 ","6223.230 "
"15065.649 ","6247.145 "
"15089.116 ","6270.025 "
"15112.583 ","6290.290 "
"15136.050 ","6308.094 "
"15159.516 ","6325.729 "
"15182.983 ","6343.974 "
"15206.450 ","6362.768 "
"15229.916 ","6382.434 "
"15253.383 ","6403.973 "
"15276.850 ","6427.671 "
"15300.317 ","6451.507 "
"15323.783 ","6472.397 "
"15347.250 ","6488.898 "
"15370.717 ","6504.732 "
"15394.184 ","6524.665 "
"15417.650 ","6550.166 "
"15441.117 ","6580.292 "
"15464.584 ","6610.861 "
"15488.051 ","6637.795 "
"15511.517 ","6659.215 "
"15534.984 ","6676.081 "
"15558.451 ","6691.006 "
"15581.918 ","6706.002 "
"15605.384 ","6722.996 "
"15628.851 ","6742.976 "
"15652.318 ","6766.522 "
"15675.785 ","6792.624 "
"15699.251 ","6819.787 "
"15722.718 ","6845.731 "
"15746.185 ","6869.883 "
"15769.652 ","6894.872 "
"15793.118 ","6923.307 "
"15816.585 ","6955.687 "
"15840.052 ","6989.419 "
"15863.519 ","7021.146 "
"15886.985 ","7048.522 "
"15910.452 ","7070.759 "
"15933.919 ","7090.306 "
"15957.386 ","7110.579 "
"15980.852 ","7135.052 "
"16004.319 ","7162.960 "
"16027.786 ","7190.086 "
"16051.253 ","7212.771 "
"16074.719 ","7231.450 "
"16098.186 ","7248.773 "
"16121.653 ","7264.395 "
"16145.119 ","7277.939 "
"16168.586 ","7290.454 "
"16192.053 ","7303.845 "
"16215.520 ","7319.418 "
"16238.986 ","7337.135 "
"16262.453 ","7357.213 "
"16285.920 ","7380.414 "
"16309.387 ","7405.770 "
"16332.853 ","7430.802 "
"16356.320 ","7452.873 "
"16379.787 ","7472.498 "
"16403.254 ","7493.218 "
"16426.720 ","7517.524 "
"16450.187 ","7546.501 "
"16473.654 ","7577.569 "
"16497.121 ","7607.065 "
"16520.587 ","7631.878 "
"16544.054 ","7650.610 "
"16567.521 ","7664.571 "
"16590.988 ","7675.342 "
"16614.454 ","7684.450 "
"16637.921 ","7692.872 "
"16661.388 ","7701.668 "
"16684.855 ","7711.204 "
"16708.321 ","7721.490 "
"16731.788 ","7733.685 "
"16755.255 ","7750.212 "
"16778.722 ","7771.346 "
"16802.188 ","7795.527 "
"16825.655 ","7819.956 "
"16849.122 ","7842.660 "
"16872.589 ","7864.731 "
"16896.055 ","7889.601 "
"16919.522 ","7918.780 "
"16942.989 ","7949.046 "
"16966.456 ","7977.661 "
"16989.922 ","8003.294 "
"17013.389 ","8024.841 "
"17036.856 ","8041.700 "
"17060.322 ","8055.014 "
"17083.789 ","8067.315 "
"17107.256 ","8079.419 "
"17130.723 ","8091.780 "
"17154.189 ","8105.534 "
"17177.656 ","8120.254 "
"17201.123 ","8135.582 "
"17224.590 ","8152.591 "
"17248.056 ","8171.973 "
"17271.523 ","8193.094 "
"17294.990 ","8213.110 "
"17318.457 ","8230.179 "
"17341.923 ","8244.581 "
"17365.390 ","8257.957 "
"17388.857 ","8272.503 "
"17412.324 ","8289.667 "
"17435.790 ","8310.037 "
"17459.257 ","8333.514 "
"17482.724 ","8358.302 "
"17506.191 ","8381.944 "
"17529.657 ","8402.866 "
"17553.124 ","8420.346 "
"17576.591 ","8434.513 "
"17600.058 ","8446.263 "
"17623.524 ","8457.012 "
"17646.991 ","8467.607 "
"17670.458 ","8478.321 "
"17693.925 ","8489.497 "
"17717.391 ","8502.570 "
"17740.858 ","8518.712 "
"17764.325 ","8537.774 "
"17787.792 ","8557.990 "
"17811.258 ","8577.551 "
"17834.725 ","8596.554 "
"17858.192 ","8614.305 "
"17881.658 ","8629.930 "
"17905.125 ","8643.546 "
"17928.592 ","8657.866 "
"17952.059 ","8674.222 "
"17975.525 ","8691.049 "
"17998.992 ","8705.019 "
"18022.459 ","8655.292 "
"18045.926 ","8609.358 "
"18069.392 ","8626.366 "
"18092.859 ","8640.745 "
"18116.326 ","8653.281 "
"18139.793 ","8663.759 "
"18163.259 ","8673.879 "
"18186.726 ","8687.157 "
"18210.193 ","8705.309 "
"18233.660 ","8727.406 "
"18257.126 ","8751.942 "
"18280.593 ","8777.528 "
"18304.060 ","8801.328 "
"18327.527 ","8820.089 "
"18350.993 ","8832.596 "
"18374.460 ","8840.785 "
"18397.927 ","8847.737 "
"18421.394 ","8858.672 "
"18444.860 ","8876.533 "
"18468.327 ","8900.885 "
"18491.794 ","8929.809 "
"18515.261 ","8960.388 "
"18538.727 ","8988.399 "
"18562.194 ","9009.297 "
"18585.661 ","9023.469 "
"18609.128 ","9035.177 "
"18632.594 ","9048.397 "
"18656.061 ","9065.060 "
"18679.528 ","9085.381 "
"18702.995 ","9108.656 "
"18726.461 ","9135.326 "
"18749.928 ","9163.538 "
"18773.395 ","9189.321 "
"18796.861 ","9209.369 "
"18820.328 ","9223.481 "
"18843.795 ","9233.867 "
"18867.262 ","9241.835 "
"18890.728 ","9248.474 "
"18914.195 ","9254.808 "
"18937.662 ","9263.373 "
"18961.129 ","9277.704 "
"18984.595 ","9299.557 "
"19008.062 ","9327.081 "
"19031.529 ","9356.118 "
"19054.996 ","9382.923 "
"19078.462 ","9405.106 "
"19101.929 ","9421.690 "
"19125.396 ","9433.426 "
"19148.863 ","9442.181 "
"19172.329 ","9450.021 "
"19195.796 ","9440.483 "
"19219.263 ","9450.744 "
"19242.730 ","9483.309 "
"19266.196 ","9500.585 "
"19289.663 ","9517.514 "
"19313.130 ","9534.418 "
"19336.597 ","9554.152 "
"19360.063 ","9577.373 "
"19383.530 ","9599.980 "
"19406.997 ","9616.440 "
"19430.464 ","9627.973 "
"19453.930 ","9734.424 "
"19477.397 ","9741.991 "
"19500.864 ","9650.666 "
"19524.331 ","9656.426 "
"19547.797 ","9662.379 "
"19571.264 ","9669.483 "
"19594.731 ","9679.143 "
"19618.198 ","9692.216 "
"19641.664 ","9709.333 "
"19665.131 ","9732.953 "
"19688.598 ","9762.402 "
"19712.064 ","9791.494 "
"19735.531 ","9812.899 "
"19758.998 ","9783.748 "
"19782.465 ","9749.647 "
"19805.931 ","9750.886 "
"19829.398 ","9746.203 "
"19852.865 ","9742.168 "
"19876.332 ","9741.471 "
"19899.798 ","9750.536 "
"19923.265 ","9774.620 "
"19946.732 ","9799.939 "
"19970.199 ","9814.556 "
"19993.665 ","9823.809 "
"20017.132 ","9924.101 "
"20040.599 ","10040.741 "
"20064.066 ","10084.582 "
"20087.532 ","10130.476 "
"20110.999 ","10170.743 "
"20134.466 ","10200.004 "
"20157.933 ","10217.942 "
"20181.399 ","10227.646 "
"20204.866 ","10234.145 "
"20228.333 ","10238.331 "
"20251.800 ","10241.047 "
"20275.266 ","10243.795 "
"20298.733 ","10247.374 "
"20322.200 ","10251.408 "
"20345.667 ","10254.890 "
"20369.133 ","10257.364 "
"20392.600 ","10259.395 "
"20416.067 ","10282.025 "
"20439.534 ","10298.000 "
"20463.000 ","10285.060 "
"20486.467 ","10272.153 "
"20509.934 ","10268.321 "
"20533.401 ","10275.134 "
"20556.867 ","10287.257 "
"20580.334 ","10302.278 "
"20603.801 ","10317.025 "
"20627.267 ","10326.556 "
"20650.734 ","10328.433 "
"20674.201 ","10325.391 "
"20697.668 ","10319.779 "
"20721.134 ","10314.302 "
"20744.601 ","10312.027 "
"20768.068 ","10314.714 "
"20791.535 ","10319.049 "
"20815.001 ","10317.461 "
"20838.468 ","10311.275 "
"20861.935 ","10308.116 "
"20885.402 ","10313.835 "
"20908.868 ","10324.683 "
"20932.335 ","10332.502 "
"20955.802 ","10330.279 "
"20979.269 ","10306.820 "
"21002.735 ","10260.975 "
"21026.202 ","10207.526 "
"21049.669 ","10165.570 "
"21073.136 ","10140.539 "
"21096.602 ","10122.417 "
"21120.069 ","10101.740 "
"21143.536 ","10078.448 "
"21167.003 ","10056.785 "
"21190.469 ","10035.905 "
"21213.936 ","10007.203 "
"21237.403 ","9970.339 "
"21260.870 ","9935.008 "
"21284.336 ","9906.365 "
"21307.803 ","9887.607 "
"21331.270 ","9875.840 "
"21354.737 ","9871.816 "
"21378.203 ","9856.494 "
"21401.670 ","9807.290 "
"21425.137 ","9755.815 "
"21448.603 ","9716.610 "
"21472.070 ","9664.053 "
"21495.537 ","9613.728 "
"21519.004 ","9590.179 "
"21542.470 ","9583.219 "
"21565.937 ","9579.899 "
"21589.404 ","9576.644 "
"21612.871 ","9574.127 "
"21636.337 ","9569.285 "
"21659.804 ","9562.537 "
"21683.271 ","9568.226 "
"21706.738 ","9625.091 "
"21730.204 ","9644.679 "
"21753.671 ","9624.193 "
"21777.138 ","9663.803 "
"21800.605 ","9741.459 "
"21824.071 ","9834.906 "
"21847.538 ","9931.248 "
"21871.005 ","10061.157 "
"21894.472 ","10228.706 "
"21917.938 ","10403.714 "
"21941.405 ","10557.591 "
"21964.872 ","10659.345 "
"21988.339 ","10713.973 "
"22011.805 ","10758.143 "
"22035.272 ","10805.754 "
"22058.739 ","10847.955 "
"22082.206 ","10890.636 "
"22105.672 ","10950.929 "
"22129.139 ","11020.493 "
"22152.606 ","11070.070 "
"22176.073 ","11108.748 "
"22199.539 ","11174.110 "
"22223.006 ","11239.564 "
"22246.473 ","11267.983 "
"22269.940 ","11278.312 "
"22293.406 ","11288.688 "
"22316.873 ","11299.518 "
"22340.340 ","11309.102 "
"22363.806 ","11317.175 "
"22387.273 ","11324.739 "
"22410.740 ","11331.719 "
"22434.207 ","11337.941 "
"22457.673 ","11344.038 "
"22481.140 ","11350.772 "
"22504.607 ","11358.350 "
"22528.074 ","11367.700 "
"22551.540 ","11380.455 "
"22575.007 ","11397.277 "
"22598.474 ","11416.060 "
"22621.941 ","11435.542 "
"22645.407 ","11454.729 "
"22668.874 ","11472.504 "
"22692.341 ","11489.374 "
"22715.808 ","11505.764 "
"22739.274 ","11521.224 "
"22762.741 ","11533.514 "
"22786.208 ","11541.741 "
"22809.675 ","11547.025 "
"22833.141 ","11550.966 "
"22856.608 ","11555.174 "
"22880.075 ","11560.823 "
"22903.542 ","11568.490 "
"22927.008 ","11578.120 "
"22950.475 ","11589.984 "
"22973.942 ","11604.924 "
"22997.409 ","11622.202 "
"23020.875 ","11639.156 "
"23044.342 ","11656.529 "
"23067.809 ","11677.134 "
"23091.276 ","11699.205 "
"23114.742 ","11717.174 "
"23138.209 ","11727.974 "
"23161.676 ","11734.430 "
"23185.143 ","11739.161 "
"23208.609 ","11742.932 "
"23232.076 ","11745.998 "
"23255.543 ","11748.250 "
"23279.009 ","11750.536 "
"23302.476 ","11753.616 "
"23325.943 ","11758.806 "
"23349.410 ","11768.824 "
"23372.876 ","11785.973 "
"23396.343 ","11809.756 "
"23419.810 ","11836.406 "
"23443.277 ","11860.826 "
"23466.743 ","11879.814 "
"23490.210 ","11893.536 "
"23513.677 ","11905.213 "
"23537.144 ","11917.020 "
"23560.610 ","11927.497 "
"23584.077 ","11935.280 "
"23607.544 ","11940.965 "
"23631.011 ","11946.236 "
"23654.477 ","11951.824 "
"23677.944 ","11957.256 "
"23701.411 ","11961.998 "
"23724.878 ","11965.300 "
"23748.344 ","11967.213 "
"23771.811 ","11969.818 "
"23795.278 ","11976.386 "
"23818.745 ","11989.197 "
"23842.211 ","12005.908 "
"23865.678 ","12024.109 "
"23889.145 ","12042.898 "
"23912.612 ","12063.335 "
"23936.078 ","12085.729 "
"23959.545 ","12107.385 "
"23983.012 ","12125.771 "
"24006.479 ","12138.380 "
"24029.945 ","12145.758 "
"24053.412 ","12150.117 "
"24076.879 ","12153.088 "
"24100.346 ","12155.507 "
"24123.812 ","12158.430 "
"24147.279 ","12163.005 "
"24170.746 ","12170.483 "
"24194.212 ","12180.426 "
"24217.679 ","12191.211 "
"24241.146 ","12199.575 "
"24264.613 ","12204.700 "
"24288.079 ","12212.319 "
"24311.546 ","12230.900 "
"24335.013 ","12259.568 "
"24358.480 ","12287.413 "
"24381.946 ","12306.244 "
"24405.413 ","12316.946 "
"24428.880 ","12324.906 "
"24452.347 ","12331.992 "
"24475.813 ","12338.724 "
"24499.280 ","12344.827 "
"24522.747 ","12349.661 "
"24546.214 ","12353.455 "
"24569.680 ","12356.995 "
"24593.147 ","12361.652 "
"24616.614 ","12367.352 "
"24640.081 ","12374.218 "
"24663.547 ","12382.337 "
"24687.014 ","12393.652 "
"24710.481 ","12410.043 "
"24733.948 ","12429.004 "
"24757.414 ","12445.222 "
"24780.881 ","12457.128 "
"24804.348 ","12468.952 "
"24827.815 ","12482.207 "
"24851.281 ","12494.368 "
"24874.748 ","12503.281 "
"24898.215 ","12510.318 "
"24921.682 ","12516.487 "
"24945.148 ","12521.075 "
"24968.615 ","12524.313 "
"24992.082 ","12526.462 "
"25015.548 ","12528.006 "
"25039.015 ","12529.279 "
"25062.482 ","12530.573 "
"25085.949 ","12532.600 "
"25109.415 ","12535.050 "
"25132.882 ","12537.775 "
"25156.349 ","12541.310 "
"25179.816 ","12547.799 "
"25203.282 ","12557.970 "
"25226.749 ","12571.017 "
"25250.216 ","12585.745 "
"25273.683 ","12601.728 "
"25297.149 ","12619.786 "
"25320.616 ","12638.926 "
"25344.083 ","12656.706 "
"25367.550 ","12671.710 "
"25391.016 ","12683.273 "
"25414.483 ","12691.666 "
"25437.950 ","12697.462 "
"25461.417 ","12702.582 "
"25484.883 ","12708.992 "
"25508.350 ","12715.517 "
"25531.817 ","12721.239 "
"25555.284 ","12725.933 "
"25578.750 ","12729.625 "
"25602.217 ","12733.216 "
"25625.684 ","12737.961 "
"25649.151 ","12744.500 "
"25672.617 ","12751.612 "
"25696.084 ","12759.276 "
"25719.551 ","12770.139 "
"25743.018 ","12784.647 "
"25766.484 ","12801.213 "
"25789.951 ","12818.529 "
"25813.418 ","12837.165 "
"25836.885 ","12857.345 "
"25860.351 ","12875.752 "
"25883.818 ","12889.264 "
"25907.285 ","12897.884 "
"25930.751 ","12904.020 "
"25954.218 ","12910.672 "
"25977.685 ","12918.014 "
"26001.152 ","12925.009 "
"26024.618 ","12931.039 "
"26048.085 ","12936.251 "
"26071.552 ","12942.190 "
"26095.019 ","12948.478 "
"26118.485 ","12955.297 "
"26141.952 ","12962.032 "
"26165.419 ","12970.152 "
"26188.886 ","12982.438 "
"26212.352 ","13000.639 "
"26235.819 ","13022.640 "
"26259.286 ","13042.589 "
"26282.753 ","13058.344 "
"26306.219 ","13070.652 "
"26329.686 ","13081.933 "
"26353.153 ","13092.650 "
"26376.620 ","13104.492 "
"26400.086 ","13119.122 "
"26423.553 ","13134.093 "
"26447.020 ","13145.312 "
"26470.487 ","13151.927 "
"26493.953 ","13157.026 "
"26517.420 ","13162.591 "
"26540.887 ","13165.166 "
"26564.354 ","13164.062 "
"26587.820 ","13162.701 "
"26611.287 ","13164.822 "
"26634.754 ","13179.071 "
"26658.221 ","13206.243 "
"26681.687 ","13240.388 "
"26705.154 ","13270.295 "
"26728.621 ","13290.521 "
"26752.088 ","13304.463 "
"26775.554 ","13312.780 "
"26799.021 ","13318.026 "
"26822.488 ","13322.452 "
"26845.954 ","13328.122 "
"26869.421 ","13335.063 "
"26892.888 ","13342.256 "
"26916.355 ","13349.003 "
"26939.821 ","13355.128 "
"26963.288 ","13360.957 "
"26986.755 ","13367.974 "
"27010.222 ","13378.413 "
"27033.688 ","13393.306 "
"27057.155 ","13411.558 "
"27080.622 ","13430.458 "
"27104.089 ","13449.437 "
"27127.555 ","13468.804 "
"27151.022 ","13487.507 "
"27174.489 ","13502.863 "
"27197.956 ","13513.354 "
"27221.422 ","13520.592 "
"27244.889 ","13526.461 "
"27268.356 ","13531.763 "
"27291.823 ","13536.680 "
"27315.289 ","13541.176 "
"27338.756 ","13545.224 "
"27362.223 ","13549.437 "
"27385.690 ","13554.560 "
"27409.156 ","13561.005 "
"27432.623 ","13568.965 "
"27456.090 ","13578.160 "
"27479.557 ","13587.494 "
"27503.023 ","13595.776 "
"27526.490 ","13603.691 "
"27549.957 ","13613.040 "
"27573.424 ","13623.604 "
"27596.890 ","13634.012 "
"27620.357 ","13643.776 "
"27643.824 ","13652.433 "
"27667.291 ","13659.101 "
"27690.757 ","13662.242 "
"27714.224 ","13658.999 "
"27737.691 ","13645.652 "
"27761.157 ","13620.080 "
"27784.624 ","13583.226 "
"27808.091 ","13535.491 "
"27831.558 ","13470.644 "
"27855.024 ","13385.164 "
"27878.491 ","13282.246 "
"27901.958 ","13174.317 "
"27925.425 ","13069.714 "
"27948.891 ","12964.271 "
"27972.358 ","12863.318 "
"27995.825 ","12777.057 "
"28019.292 ","12713.544 "
"28042.758 ","12669.818 "
"28066.225 ","12641.453 "
"28089.692 ","12629.156 "
"28113.159 ","12626.883 "
"28136.625 ","12628.923 "
"28160.092 ","12633.259 "
"28183.559 ","12639.125 "
"28207.026 ","12644.317 "
"28230.492 ","12650.273 "
"28253.959 ","12658.457 "
"28277.426 ","12667.510 "
"28300.893 ","12675.510 "
"28324.359 ","12682.172 "
"28347.826 ","12689.160 "
"28371.293 ","12696.152 "
"28394.760 ","12703.385 "
"28418.226 ","12710.088 "
"28441.693 ","12713.621 "
"28465.160 ","12714.310 "
"28488.627 ","12717.430 "
"28512.093 ","12728.035 "
"28535.560 ","12746.890 "
"28559.027 ","12782.032 "
"28582.493 ","12837.703 "
"28605.960 ","12901.590 "
"28629.427 ","12969.250 "
"28652.894 ","13061.043 "
"28676.360 ","13194.180 "
"28699.827 ","13343.927 "
"28723.294 ","13481.290 "
"28746.761 ","13601.296 "
"28770.227 ","13695.442 "
"28793.694 ","13758.809 "
"28817.161 ","13807.666 "
"28840.628 ","13853.136 "
"28864.094 ","13890.369 "
"28887.561 ","13913.683 "
"28911.028 ","13926.729 "
"28934.495 ","13937.375 "
"28957.961 ","13946.272 "
"28981.428 ","13952.590 "
"29004.895 ","13957.884 "
"29028.362 ","13964.981 "
"29051.828 ","13974.711 "
"29075.295 ","13987.135 "
"29098.762 ","14001.470 "
"29122.229 ","14017.196 "
"29145.695 ","14033.310 "
"29169.162 ","14049.243 "
"29192.629 ","14064.764 "
"29216.096 ","14079.015 "
"29239.562 ","14091.181 "
"29263.029 ","14100.562 "
"29286.496 ","14107.361 "
"29309.963 ","14111.885 "
"29333.429 ","14114.446 "
"29356.896 ","14115.760 "
"29380.363 ","14117.034 "
"29403.830 ","14118.786 "
"29427.296 ","14120.846 "
"29450.763 ","14123.416 "
"29474.230 ","14126.834 "
"29497.696 ","14130.867 "
"29521.163 ","14134.683 "
"29544.630 ","14138.111 "
"29568.097 ","14141.430 "
"29591.563 ","14145.087 "
"29615.030 ","14149.098 "
"29638.497 ","14153.270 "
"29661.964 ","14157.275 "
"29685.430 ","14160.507 "
"29708.897 ","14162.594 "
"29732.364 ","14163.733 "
"29755.831 ","14164.814 "
"29779.297 ","14166.459 "
"29802.764 ","14168.599 "
"29826.231 ","14170.986 "
"29849.698 ","14175.606 "
"29873.164 ","14182.557 "
"29896.631 ","14188.717 "
"29920.098 ","14193.960 "
"29943.565 ","14199.699 "
"29967.031 ","14206.717 "
"29990.498 ","14212.242 "
"30013.965 ","14218.050 "
"30037.432 ","14229.459 "
"30060.898 ","14245.076 "
"30084.365 ","14260.580 "
"30107.832 ","14273.394 "
"30131.299 ","14283.646 "
"30154.765 ","14292.038 "
"30178.232 ","14297.878 "
"30201.699 ","14302.005 "
"30225.166 ","14305.632 "
"30248.632 ","14308.821 "
"30272.099 ","14312.033 "
"30295.566 ","14314.227 "
"30319.033 ","14315.702 "
"30342.499 ","14317.323 "
"30365.966 ","14319.175 "
"30389.433 ","14320.757 "
"30412.899 ","14321.900 "
"30436.366 ","14323.289 "
"30459.833 ","14325.049 "
"30483.300 ","14326.685 "
"30506.766 ","14327.741 "
"30530.233 ","14328.959 "
"30553.700 ","14330.716 "
"30577.167 ","14332.677 "
"30600.633 ","14334.314 "
"30624.100 ","14335.767 "
"30647.567 ","14337.521 "
"30671.034 ","14339.401 "
"30694.500 ","14341.288 "
"30717.967 ","14343.215 "
"30741.434 ","14345.495 "
"30764.901 ","14348.696 "
"30788.367 ","14352.882 "
"30811.834 ","14358.606 "
"30835.301 ","14367.431 "
"30858.768 ","14380.653 "
"30882.234 ","14396.079 "
"30905.701 ","14408.980 "
"30929.168 ","14416.849 "
"30952.635 ","14420.938 "
"30976.101 ","14426.315 "
"30999.568 ","14434.792 "
"31023.035 ","14444.130 "
"31046.502 ","14453.051 "
"31069.968 ","14462.079 "
"31093.435 ","14472.168 "
"31116.902 ","14482.441 "
"31140.369 ","14491.491 "
"31163.835 ","14498.602 "
"31187.302 ","14502.825 "
"31210.769 ","14505.483 "
"31234.236 ","14508.571 "
"31257.702 ","14511.590 "
"31281.169 ","14514.095 "
"31304.636 ","14516.219 "
"31328.102 ","14518.121 "
"31351.569 ","14519.927 "
"31375.036 ","14521.575 "
"31398.503 ","14523.045 "
"31421.969 ","14524.082 "
"31445.436 ","14524.635 "
"31468.903 ","14524.802 "
"31492.370 ","14524.593 "
"31515.836 ","14524.447 "
"31539.303 ","14524.914 "
"31562.770 ","14525.901 "
"31586.237 ","14527.060 "
"31609.703 ","14528.580 "
"31633.170 ","14530.979 "
"31656.637 ","14533.797 "
"31680.104 ","14536.071 "
"31703.570 ","14538.131 "
"31727.037 ","14542.022 "
"31750.504 ","14548.844 "
"31773.971 ","14557.501 "
"31797.437 ","14567.164 "
"31820.904 ","14577.520 "
"31844.371 ","14588.000 "
"31867.838 ","14597.204 "
"31891.304 ","14606.337 "
"31914.771 ","14617.676 "
"31938.238 ","14630.482 "
"31961.705 ","14644.076 "
"31985.171 ","14657.320 "
"32008.638 ","14670.041 "
"32032.105 ","14680.397 "
"32055.572 ","14686.679 "
"32079.038 ","14690.920 "
"32102.505 ","14694.871 "
"32125.972 ","14699.362 "
"32149.439 ","14703.086 "
"32172.905 ","14705.387 "
"32196.372 ","14707.361 "
"32219.839 ","14709.401 "
"32243.305 ","14711.368 "
"32266.772 ","14712.704 "
"32290.239 ","14713.479 "
"32313.706 ","14714.911 "
"32337.172 ","14717.571 "
"32360.639 ","14720.541 "
"32384.106 ","14722.450 "
"32407.573 ","14723.225 "
"32431.039 ","14723.698 "
"32454.506 ","14724.866 "
"32477.973 ","14727.351 "
"32501.440 ","14730.946 "
"32524.906 ","14734.791 "
"32548.373 ","14738.403 "
"32571.840 ","14742.213 "
"32595.307 ","14746.027 "
"32618.773 ","14749.093 "
"32642.240 ","14751.467 "
"32665.707 ","14753.860 "
"32689.174 ","14756.961 "
"32712.640 ","14760.202 "
"32736.107 ","14762.991 "
"32759.574 ","14764.917 "
"32783.041 ","14766.286 "
"32806.507 ","14767.505 "
"32829.974 ","14768.502 "
"32853.441 ","14769.201 "
"32876.908 ","14769.693 "
"32900.374 ","14770.658 "
"32923.841 ","14772.612 "
"32947.308 ","14775.508 "
"32970.775 ","14778.397 "
"32994.241 ","14780.231 "
"33017.708 ","14781.269 "
"33041.175 ","14784.166 "
"33064.641 ","14789.721 "
"33088.108 ","14797.809 "
"33111.575 ","14806.367 "
"33135.042 ","14813.140 "
"33158.508 ","14817.240 "
"33181.975 ","14819.692 "
"33205.442 ","14821.385 "
"33228.909 ","14823.676 "
"33252.375 ","14828.851 "
"33275.842 ","14837.930 "
"33299.309 ","14848.446 "
"33322.776 ","14856.241 "
"33346.242 ","14862.264 "
"33369.709 ","14868.877 "
"33393.176 ","14876.598 "
"33416.643 ","14883.203 "
"33440.109 ","14887.495 "
"33463.576 ","14890.598 "
"33487.043 ","14895.188 "
"33510.510 ","14901.218 "
"33533.976 ","14906.984 "
"33557.443 ","14911.261 "
"33580.910 ","14913.927 "
"33604.377 ","14917.250 "
"33627.843 ","14921.239 "
"33651.310 ","14924.391 "
"33674.777 ","14925.414 "
"33698.244 ","14924.683 "
"33721.710 ","14924.713 "
"33745.177 ","14926.221 "
"33768.644 ","14928.604 "
"33792.111 ","14930.758 "
"33815.577 ","14931.958 "
"33839.044 ","14932.180 "
"33862.511 ","14931.343 "
"33885.978 ","14929.982 "
"33909.444 ","14929.096 "
"33932.911 ","14929.075 "
"33956.378 ","14929.923 "
"33979.844 ","14931.004 "
"34003.311 ","14931.580 "
"34026.778 ","14931.085 "
"34050.245 ","14929.962 "
"34073.711 ","14929.652 "
"34097.178 ","14930.180 "
"34120.645 ","14931.084 "
"34144.112 ","14932.004 "
"34167.578 ","14933.117 "
"34191.045 ","14934.452 "
"34214.512 ","14935.181 "
"34237.979 ","14935.251 "
"34261.445 ","14935.142 "
"34284.912 ","14935.390 "
"34308.379 ","14935.786 "
"34331.846 ","14935.456 "
"34355.312 ","14933.633 "
"34378.779 ","14930.832 "
"34402.246 ","14928.926 "
"34425.713 ","14929.358 "
"34449.179 ","14931.606 "
"34472.646 ","14933.872 "
"34496.113 ","14935.297 "
"34519.580 ","14935.897 "
"34543.046 ","14935.961 "
"34566.513 ","14935.758 "
"34589.980 ","14935.735 "
"34613.447 ","14936.128 "
"34636.913 ","14936.795 "
"34660.380 ","14937.862 "
"34683.847 ","14939.462 "
"34707.314 ","14941.300 "
"34730.780 ","14942.694 "
"34754.247 ","14943.550 "
"34777.714 ","14944.556 "
"34801.181 ","14946.407 "
"34824.647 ","14949.076 "
"34848.114 ","14951.419 "
"34871.581 ","14952.715 "
"34895.047 ","14954.168 "
"34918.514 ","14956.569 "
"34941.981 ","14959.254 "
"34965.448 ","14961.763 "
"34988.914 ","14964.424 "
"35012.381 ","14967.044 "
"35035.848 ","14969.001 "
"35059.315 ","14972.499 "
"35082.781 ","14978.594 "
"35106.248 ","14985.392 "
"35129.715 ","14989.968 "
"35153.182 ","14992.261 "
"35176.648 ","14996.675 "
"35200.115 ","15003.927 "
"35223.582 ","15011.903 "
"35247.049 ","15016.979 "
"35270.515 ","15018.195 "
"35293.982 ","15017.084 "
"35317.449 ","15013.038 "
"35340.916 ","15008.808 "
"35364.382 ","15009.837 "
"35387.849 ","15018.164 "
"35411.316 ","15027.755 "
"35434.783 ","15031.837 "
"35458.249 ","15031.320 "
"35481.716 ","15032.011 "
"35505.183 ","15036.369 "
"35528.650 ","15042.411 "
"35552.116 ","15047.625 "
"35575.583 ","15051.063 "
"35599.050 ","15053.126 "
"35622.517 ","15055.028 "
"35645.983 ","15060.868 "
"35669.450 ","15069.902 "
"35692.917 ","15077.601 "
"35716.384 ","15079.940 "
"35739.850 ","15078.424 "
"35763.317 ","15077.593 "
"35786.784 ","15077.398 "
"35810.250 ","15076.335 "
"35833.717 ","15073.679 "
"35857.184 ","15070.662 "
"35880.651 ","15070.068 "
"35904.117 ","15072.797 "
"35927.584 ","15076.785 "
"35951.051 ","15080.698 "
"35974.518 ","15083.355 "
"35997.984 ","15084.997 "
"36021.451 ","15086.050 "
"36044.918 ","15088.431 "
"36068.385 ","15094.460 "
"36091.851 ","15102.004 "
"36115.318 ","15107.554 "
"36138.785 ","15109.277 "
"36162.252 ","15108.697 "
"36185.718 ","15108.257 "
"36209.185 ","15108.409 "
"36232.652 ","15108.998 "
"36256.119 ","15109.412 "
"36279.585 ","15109.725 "
"36303.052 ","15110.712 "
"36326.519 ","15112.218 "
"36349.986 ","15113.283 "
"36373.452 ","15113.000 "
"36396.919 ","15111.809 "
"36420.386 ","15110.864 "
"36443.853 ","15110.348 "
"36467.319 ","15110.099 "
"36490.786 ","15109.996 "
"36514.253 ","15110.048 "
"36537.720 ","15110.416 "
"36561.186 ","15111.183 "
"36584.653 ","15112.181 "
"36608.120 ","15112.635 "
"36631.586 ","15112.543 "
"36655.053 ","15112.680 "
"36678.520 ","15114.167 "
"36701.987 ","15116.695 "
"36725.453 ","15119.966 "
"36748.920 ","15123.269 "
"36772.387 ","15125.616 "
"36795.854 ","15126.984 "
"36819.320 ","15127.549 "
"36842.787 ","15128.109 "
"36866.254 ","15128.692 "
"36889.721 ","15129.539 "
"36913.187 ","15130.740 "
"36936.654 ","15132.066 "
"36960.121 ","15133.814 "
"36983.588 ","15136.101 "
"37007.054 ","15138.471 "
"37030.521 ","15140.268 "
"37053.988 ","15141.079 "
"37077.455 ","15140.921 "
"37100.921 ","15140.249 "
"37124.388 ","15140.083 "
"37147.855 ","15140.948 "
"37171.322 ","15142.467 "
"37194.788 ","15144.142 "
"37218.255 ","15145.562 "
"37241.722 ","15146.346 "
"37265.189 ","15145.741 "
"37288.655 ","15144.127 "
"37312.122 ","15142.194 "
"37335.589 ","15140.536 "
"37359.056 ","15139.142 "
"37382.522 ","15136.650 "
"37405.989 ","15133.193 "
"37429.456 ","15129.836 "
"37452.923 ","15127.411 "
"37476.389 ","15124.916 "
"37499.856 ","15121.639 "
"37523.323 ","15118.659 "
"37546.789 ","15116.616 "
"37570.256 ","15115.085 "
"37593.723 ","15113.979 "
"37617.190 ","15113.935 "
"37640.656 ","15113.590 "
"37664.123 ","15109.705 "
"37687.590 ","15102.742 "
"37711.057 ","15096.676 "
"37734.523 ","15094.477 "
"37757.990 ","15095.123 "
"37781.457 ","15095.704 "
"37804.924 ","15095.366 "
"37828.390 ","15094.221 "
"37851.857 ","15093.445 "
"37875.324 ","15093.923 "
"37898.791 ","15095.988 "
"37922.257 ","15098.750 "
"37945.724 ","15100.866 "
"37969.191 ","15101.962 "
"37992.658 ","15102.729 "
"38016.124 ","15104.070 "
"38039.591 ","15105.476 "
"38063.058 ","15106.490 "
"38086.525 ","15107.380 "
"38109.991 ","15108.902 "
"38133.458 ","15110.716 "
"38156.925 ","15111.444 "
"38180.392 ","15110.837 "
"38203.858 ","15110.003 "
"38227.325 ","15110.328 "
"38250.792 ","15111.963 "
"38274.259 ","15114.798 "
"38297.725 ","15118.223 "
"38321.192 ","15120.494 "
"38344.659 ","15120.586 "
"38368.126 ","15119.058 "
"38391.592 ","15117.651 "
"38415.059 ","15117.312 "
"38438.526 ","15117.705 "
"38461.992 ","15117.593 "
"38485.459 ","15114.864 "
"38508.926 ","15110.399 "
"38532.393 ","15107.232 "
"38555.859 ","15106.985 "
"38579.326 ","15107.655 "
"38602.793 ","15106.681 "
"38626.260 ","15103.100 "
"38649.726 ","15098.069 "
"38673.193 ","15092.794 "
"38696.660 ","15086.000 "
"38720.127 ","15076.893 "
"38743.593 ","15066.197 "
"38767.060 ","15055.350 "
"38790.527 ","15046.159 "
"38813.994 ","15039.618 "
"38837.460 ","15033.417 "
"38860.927 ","15023.417 "
"38884.394 ","15010.769 "
"38907.861 ","14999.926 "
"38931.327 ","14992.663 "
"38954.794 ","14987.446 "
"38978.261 ","14983.900 "
"39001.728 ","14983.042 "
"39025.194 ","14983.099 "
"39048.661 ","14982.670 "
"39072.128 ","14979.321 "
"39095.595 ","14973.381 "
"39119.061 ","14967.954 "
"39142.528 ","14965.959 "
"39165.995 ","14967.664 "
"39189.462 ","14970.802 "
"39212.928 ","14974.061 "
"39236.395 ","14977.029 "
"39259.862 ","14980.492 "
"39283.329 ","14984.626 "
"39306.795 ","14988.597 "
"39330.262 ","14992.298 "
"39353.729 ","14996.029 "
"39377.195 ","14999.753 "
"39400.662 ","15002.590 "
"39424.129 ","15004.240 "
"39447.596 ","15006.817 "
"39471.062 ","15011.228 "
"39494.529 ","15016.842 "
"39517.996 ","15022.351 "
"39541.463 ","15027.175 "
"39564.929 ","15032.351 "
"39588.396 ","15037.552 "
"39611.863 ","15042.389 "
"39635.330 ","15046.635 "
"39658.796 ","15050.085 "
"39682.263 ","15052.821 "
"39705.730 ","15054.753 "
"39729.197 ","15056.064 "
"39752.663 ","15056.404 "
"39776.130 ","15053.331 "
"39799.597 ","15041.243 "
"39823.064 ","15013.004 "
"39846.530 ","14965.611 "
"39869.997 ","14905.700 "
"39893.464 ","14843.751 "
"39916.931 ","14776.161 "
"39940.397 ","14687.430 "
"39963.864 ","14566.313 "
"39987.331 ","14419.174 "
"40010.798 ","14270.132 "
"40034.264 ","14138.863 "
"40057.731 ","14036.858 "
"40081.198 ","13967.105 "
"40104.665 ","13926.955 "
"40128.131 ","13908.189 "
"40151.598 ","13897.426 "
"40175.065 ","13887.796 "
"40198.531 ","13879.851 "
"40221.998 ","13877.319 "
"40245.465 ","13882.013 "
"40268.932 ","13892.580 "
"40292.398 ","13907.735 "
"40315.865 ","13937.270 "
"40339.332 ","13971.167 "
"40362.799 ","13984.563 "
"40386.265 ","13987.454 "
"40409.732 ","14019.553 "
"40433.199 ","14119.854 "
"40456.666 ","14216.440 "
"40480.132 ","14285.371 "
"40503.599 ","14333.325 "
"40527.066 ","14339.270 "
"40550.533 ","14349.255 "
"40573.999 ","14381.271 "
"40597.466 ","14436.441 "
"40620.933 ","14503.876 "
"40644.400 ","14566.217 "
"40667.866 ","14613.445 "
"40691.333 ","14649.005 "
"40714.800 ","14676.316 "
"40738.267 ","14695.540 "
"40761.733 ","14708.409 "
"40785.200 ","14717.100 "
"40808.667 ","14720.715 "
"40832.134 ","14720.758 "
"40855.600 ","14720.692 "
"40879.067 ","14721.519 "
"40902.534 ","14723.489 "
"40926.001 ","14726.332 "
"40949.467 ","14729.674 "
"40972.934 ","14733.003 "
"40996.401 ","14735.760 "
"41019.868 ","14738.602 "
"41043.334 ","14741.904 "
"41066.801 ","14745.322 "
"41090.268 ","14748.014 "
"41113.734 ","14750.361 "
"41137.201 ","14753.787 "
"41160.668 ","14758.822 "
"41184.135 ","14763.396 "
"41207.601 ","14764.927 "
"41231.068 ","14763.040 "
"41254.535 ","14760.197 "
"41278.002 ","14758.444 "
"41301.468 ","14757.908 "
"41324.935 ","14755.065 "
"41348.402 ","14748.358 "
"41371.869 ","14741.335 "
"41395.335 ","14737.788 "
"41418.802 ","14738.359 "
"41442.269 ","14739.760 "
"41465.736 ","14740.934 "
"41489.202 ","14741.785 "
"41512.669 ","14742.179 "
"41536.136 ","14741.796 "
"41559.603 ","14740.505 "
"41583.069 ","14739.243 "
"41606.536 ","14738.690 "
"41630.003 ","14738.538 "
"41653.470 ","14737.658 "
"41676.936 ","14736.567 "
"41700.403 ","14735.983 "
"41723.870 ","14735.239 "
"41747.337 ","14733.782 "
"41770.803 ","14732.786 "
"41794.270 ","14733.246 "
"41817.737 ","14733.633 "
"41841.204 ","14732.478 "
"41864.670 ","14730.027 "
"41888.137 ","14727.790 "
"41911.604 ","14726.161 "
"41935.071 ","14725.074 "
"41958.537 ","14724.412 "
"41982.004 ","14723.856 "
"42005.471 ","14723.108 "
"42028.937 ","14721.227 "
"42052.404 ","14717.861 "
"42075.871 ","14713.511 "
"42099.338 ","14709.257 "
"42122.804 ","14706.266 "
"42146.271 ","14704.517 "
"42169.738 ","14704.107 "
"42193.205 ","14703.542 "
"42216.671 ","14701.577 "
"42240.138 ","14698.556 "
"42263.605 ","14693.837 "
"42287.072 ","14688.364 "
"42310.538 ","14683.128 "
"42334.005 ","14677.361 "
"42357.472 ","14670.591 "
"42380.939 ","14661.757 "
"42404.405 ","14653.260 "
"42427.872 ","14644.641 "
"42451.339 ","14634.082 "
"42474.806 ","14622.152 "
"42498.272 ","14610.417 "
"42521.739 ","14600.544 "
"42545.206 ","14592.303 "
"42568.673 ","14585.742 "
"42592.139 ","14579.961 "
"42615.606 ","14574.089 "
"42639.073 ","14567.486 "
"42662.540 ","14560.784 "
"42686.006 ","14555.131 "
"42709.473 ","14551.764 "
"42732.940 ","14551.128 "
"42756.407 ","14551.442 "
"42779.873 ","14550.198 "
"42803.340 ","14547.301 "
"42826.807 ","14544.278 "
"42850.274 ","14541.915 "
"42873.740 ","14539.713 "
"42897.207 ","14537.510 "
"42920.674 ","14535.898 "
"42944.140 ","14535.329 "
"42967.607 ","14534.579 "
"42991.074 ","14533.227 "
"43014.541 ","14531.648 "
"43038.007 ","14530.984 "
"43061.474 ","14531.788 "
"43084.941 ","14532.457 "
"43108.408 ","14531.937 "
"43131.874 ","14529.872 "
"43155.341 ","14527.679 "
"43178.808 ","14526.017 "
"43202.275 ","14524.066 "
"43225.741 ","14521.019 "
"43249.208 ","14516.483 "
"43272.675 ","14510.532 "
"43296.142 ","14502.662 "
"43319.608 ","14492.241 "
"43343.075 ","14480.884 "
"43366.542 ","14470.448 "
"43390.009 ","14460.466 "
"43413.475 ","14449.810 "
"43436.942 ","14439.299 "
"43460.409 ","14429.680 "
"43483.876 ","14420.321 "
"43507.342 ","14410.397 "
"43530.809 ","14401.481 "
"43554.276 ","14394.305 "
"43577.743 ","14387.501 "
"43601.209 ","14379.976 "
"43624.676 ","14371.663 "
"43648.143 ","14364.396 "
"43671.610 ","14358.543 "
"43695.076 ","14354.256 "
"43718.543 ","14351.233 "
"43742.010 ","14349.747 "
"43765.476 ","14349.963 "
"43788.943 ","14351.441 "
"43812.410 ","14353.096 "
"43835.877 ","14353.743 "
"43859.343 ","14352.569 "
"43882.810 ","14350.099 "
"43906.277 ","14347.224 "
"43929.744 ","14344.611 "
"43953.210 ","14343.044 "
"43976.677 ","14342.078 "
"44000.144 ","14341.235 "
"44023.611 ","14339.768 "
"44047.077 ","14338.149 "
"44070.544 ","14336.452 "
"44094.011 ","14333.507 "
"44117.478 ","14328.192 "
"44140.944 ","14320.850 "
"44164.411 ","14313.341 "
"44187.878 ","14306.874 "
"44211.345 ","14301.485 "
"44234.811 ","14296.926 "
"44258.278 ","14292.925 "
"44281.745 ","14289.634 "
"44305.212 ","14286.331 "
"44328.678 ","14281.977 "
"44352.145 ","14275.100 "
"44375.612 ","14266.150 "
"44399.079 ","14255.931 "
"44422.545 ","14246.916 "
"44446.012 ","14238.251 "
"44469.479 ","14227.598 "
"44492.946 ","14214.587 "
"44516.412 ","14201.391 "
"44539.879 ","14191.166 "
"44563.346 ","14182.899 "
"44586.813 ","14176.535 "
"44610.279 ","14172.133 "
"44633.746 ","14169.015 "
"44657.213 ","14165.504 "
"44680.679 ","14161.977 "
"44704.146 ","14159.701 "
"44727.613 ","14157.954 "
"44751.080 ","14155.039 "
"44774.546 ","14151.786 "
"44798.013 ","14149.954 "
"44821.480 ","14149.437 "
"44844.947 ","14148.235 "
"44868.413 ","14145.524 "
"44891.880 ","14141.827 "
"44915.347 ","14137.760 "
"44938.814 ","14134.330 "
"44962.280 ","14131.630 "
"44985.747 ","14128.924 "
"45009.214 ","14125.719 "
"45032.681 ","14121.692 "
"45056.147 ","14117.306 "
"45079.614 ","14112.314 "
"45103.081 ","14106.818 "
"45126.548 ","14100.967 "
"45150.014 ","14094.093 "
"45173.481 ","14084.798 "
"45196.948 ","14073.311 "
"45220.415 ","14059.941 "
"45243.881 ","14045.696 "
"45267.348 ","14031.641 "
"45290.815 ","14018.573 "
"45314.282 ","14007.369 "
"45337.748 ","13997.126 "
"45361.215 ","13987.589 "
"45384.682 ","13977.912 "
"45408.149 ","13968.768 "
"45431.615 ","13961.163 "
"45455.082 ","13955.491 "
"45478.549 ","13951.275 "
"45502.016 ","13947.760 "
"45525.482 ","13944.836 "
"45548.949 ","13942.438 "
"45572.416 ","13940.853 "
"45595.882 ","13940.197 "
"45619.349 ","13939.811 "
"45642.816 ","13939.210 "
"45666.283 ","13938.413 "
"45689.749 ","13937.266 "
"45713.216 ","13935.614 "
"45736.683 ","13933.439 "
"45760.150 ","13930.570 "
"45783.616 ","13926.628 "
"45807.083 ","13921.558 "
"45830.550 ","13915.873 "
"45854.017 ","13909.421 "
"45877.483 ","13902.050 "
"45900.950 ","13893.800 "
"45924.417 ","13884.317 "
"45947.884 ","13872.466 "
"45971.350 ","13857.933 "
"45994.817 ","13841.454 "
"46018.284 ","13823.531 "
"46041.751 ","13806.937 "
"46065.217 ","13794.459 "
"46088.684 ","13785.556 "
"46112.151 ","13777.556 "
"46135.618 ","13769.381 "
"46159.084 ","13762.659 "
"46182.551 ","13757.764 "
"46206.018 ","13754.127 "
"46229.485 ","13751.695 "
"46252.951 ","13749.587 "
"46276.418 ","13747.019 "
"46299.885 ","13743.832 "
"46323.352 ","13740.615 "
"46346.818 ","13737.050 "
"46370.285 ","13733.118 "
"46393.752 ","13729.548 "
"46417.219 ","13726.554 "
"46440.685 ","13723.006 "
"46464.152 ","13716.203 "
"46487.619 ","13706.677 "
"46511.085 ","13695.247 "
"46534.552 ","13681.933 "
"46558.019 ","13668.616 "
"46581.486 ","13655.718 "
"46604.952 ","13644.930 "
"46628.419 ","13634.334 "
"46651.886 ","13623.812 "
"46675.353 ","13613.369 "
"46698.819 ","13601.896 "
"46722.286 ","13590.691 "
"46745.753 ","13580.639 "
"46769.220 ","13573.785 "
"46792.686 ","13569.059 "
"46816.153 ","13564.834 "
"46839.620 ","13559.778 "
"46863.087 ","13554.529 "
"46886.553 ","13550.238 "
"46910.020 ","13546.687 "
"46933.487 ","13542.974 "
"46956.954 ","13538.579 "
"46980.420 ","13533.172 "
"47003.887 ","13525.947 "
"47027.354 ","13516.429 "
"47050.821 ","13505.628 "
"47074.287 ","13494.813 "
"47097.754 ","13483.680 "
"47121.221 ","13470.466 "
"47144.688 ","13455.088 "
"47168.154 ","13438.644 "
"47191.621 ","13423.495 "
"47215.088 ","13410.433 "
"47238.555 ","13399.413 "
"47262.021 ","13390.519 "
"47285.488 ","13383.506 "
"47308.955 ","13378.904 "
"47332.422 ","13375.623 "
"47355.888 ","13372.924 "
"47379.355 ","13370.178 "
"47402.822 ","13367.186 "
"47426.288 ","13363.866 "
"47449.755 ","13360.147 "
"47473.222 ","13355.375 "
"47496.689 ","13349.301 "
"47520.155 ","13341.488 "
"47543.622 ","13331.829 "
"47567.089 ","13319.728 "
"47590.556 ","13304.618 "
"47614.022 ","13288.423 "
"47637.489 ","13272.058 "
"47660.956 ","13255.613 "
"47684.423 ","13239.823 "
"47707.889 ","13226.027 "
"47731.356 ","13214.719 "
"47754.823 ","13204.585 "
"47778.290 ","13194.821 "
"47801.756 ","13186.272 "
"47825.223 ","13179.445 "
"47848.690 ","13174.439 "
"47872.157 ","13170.626 "
"47895.623 ","13166.994 "
"47919.090 ","13163.179 "
"47942.557 ","13158.964 "
"47966.024 ","13154.015 "
"47989.490 ","13147.726 "
"48012.957 ","13140.229 "
"48036.424 ","13132.209 "
"48059.891 ","13123.322 "
"48083.357 ","13112.132 "
"48106.824 ","13098.549 "
"48130.291 ","13084.443 "
"48153.758 ","13071.173 "
"48177.224 ","13056.981 "
"48200.691 ","13040.265 "
"48224.158 ","13022.870 "
"48247.624 ","13007.468 "
"48271.091 ","12995.581 "
"48294.558 ","12986.802 "
"48318.025 ","12980.352 "
"48341.491 ","12975.621 "
"48364.958 ","12971.380 "
"48388.425 ","12967.210 "
"48411.892 ","12962.939 "
"48435.358 ","12958.035 "
"48458.825 ","12951.985 "
"48482.292 ","12944.368 "
"48505.759 ","12936.392 "
"48529.225 ","12928.193 "
"48552.692 ","12917.975 "
"48576.159 ","12904.445 "
"48599.626 ","12888.089 "
"48623.092 ","12869.637 "
"48646.559 ","12851.774 "
"48670.026 ","12834.907 "
"48693.493 ","12819.491 "
"48716.959 ","12805.119 "
"48740.426 ","12792.736 "
"48763.893 ","12784.076 "
"48787.360 ","12777.026 "
"48810.826 ","12771.335 "
"48834.293 ","12766.383 "
"48857.760 ","12761.931 "
"48881.227 ","12756.914 "
"48904.693 ","12751.265 "
"48928.160 ","12745.083 "
"48951.627 ","12738.013 "
"48975.094 ","12729.039 "
"48998.560 ","12718.532 "
"49022.027 ","12707.355 "
"49045.494 ","12695.518 "
"49068.961 ","12683.230 "
"49092.427 ","12671.080 "
"49115.894 ","12659.591 "
"49139.361 ","12647.469 "
"49162.827 ","12634.051 "
"49186.294 ","12620.160 "
"49209.761 ","12607.037 "
"49233.228 ","12594.906 "
"49256.694 ","12583.420 "
"49280.161 ","12572.650 "
"49303.628 ","12563.383 "
"49327.095 ","12555.982 "
"49350.561 ","12550.181 "
"49374.028 ","12544.824 "
"49397.495 ","12538.835 "
"49420.962 ","12532.222 "
"49444.428 ","12524.978 "
"49467.895 ","12517.155 "
"49491.362 ","12509.177 "
"49514.829 ","12501.123 "
"49538.295 ","12493.046 "
"49561.762 ","12484.696 "
"49585.229 ","12475.092 "
"49608.696 ","12464.490 "
"49632.162 ","12453.042 "
"49655.629 ","12440.386 "
"49679.096 ","12425.489 "
"49702.563 ","12409.255 "
"49726.029 ","12393.786 "
"49749.496 ","12379.653 "
"49772.963 ","12366.544 "
"49796.430 ","12355.009 "
"49819.896 ","12345.718 "
"49843.363 ","12337.551 "
"49866.830 ","12330.195 "
"49890.297 ","12323.978 "
"49913.763 ","12318.958 "
"49937.230 ","12313.548 "
"49960.697 ","12306.538 "
"49984.164 ","12297.969 "
"50007.630 ","12287.372 "
"50031.097 ","12273.797 "
"50054.564 ","12256.847 "
"50078.030 ","12237.810 "
"50101.497 ","12218.795 "
"50124.964 ","12202.722 "
"50148.431 ","12190.325 "
"50171.897 ","12180.095 "
"50195.364 ","12170.764 "
"50218.831 ","12162.623 "
"50242.298 ","12155.846 "
"50265.764 ","12149.205 "
"50289.231 ","12141.810 "
"50312.698 ","12133.262 "
"50336.165 ","12122.731 "
"50359.631 ","12110.295 "
"50383.098 ","12097.384 "
"50406.565 ","12084.231 "
"50430.032 ","12069.312 "
"50453.498 ","12052.203 "
"50476.965 ","12034.379 "
"50500.432 ","12016.884 "
"50523.899 ","12000.654 "
"50547.365 ","11986.614 "
"50570.832 ","11974.156 "
"50594.299 ","11961.451 "
"50617.766 ","11948.976 "
"50641.232 ","11938.868 "
"50664.699 ","11931.493 "
"50688.166 ","11925.229 "
"50711.633 ","11918.351 "
"50735.099 ","11910.123 "
"50758.566 ","11900.475 "
"50782.033 ","11888.744 "
"50805.500 ","11874.830 "
"50828.966 ","11858.826 "
"50852.433 ","11841.070 "
"50875.900 ","11822.343 "
"50899.367 ","11804.063 "
"50922.833 ","11789.063 "
"50946.300 ","11777.884 "
"50969.767 ","11768.546 "
"50993.233 ","11759.632 "
"51016.700 ","11752.060 "
"51040.167 ","11746.167 "
"51063.634 ","11738.700 "
"51087.100 ","11728.345 "
"51110.567 ","11716.930 "
"51134.034 ","11706.975 "
"51157.501 ","11698.105 "
"51180.967 ","11688.083 "
"51204.434 ","11676.490 "
"51227.901 ","11663.475 "
"51251.368 ","11649.579 "
"51274.834 ","11634.611 "
"51298.301 ","11618.865 "
"51321.768 ","11602.485 "
"51345.235 ","11586.052 "
"51368.701 ","11570.799 "
"51392.168 ","11558.417 "
"51415.635 ","11550.269 "
"51439.102 ","11544.992 "
"51462.568 ","11538.763 "
"51486.035 ","11530.872 "
"51509.502 ","11523.444 "
"51532.969 ","11517.300 "
"51556.435 ","11509.084 "
"51579.902 ","11494.759 "
"51603.369 ","11477.962 "
"51626.836 ","11462.764 "
"51650.302 ","11450.896 "
"51673.769 ","11439.589 "
"51697.236 ","11424.243 "
"51720.703 ","11404.466 "
"51744.169 ","11383.564 "
"51767.636 ","11367.475 "
"51791.103 ","11357.425 "
"51814.569 ","11349.385 "
"51838.036 ","11340.455 "
"51861.503 ","11330.957 "
"51884.970 ","11322.151 "
"51908.436 ","11314.000 "
"51931.903 ","11304.055 "
"51955.370 ","11291.071 "
"51978.837 ","11274.731 "
"52002.303 ","11256.949 "
"52025.770 ","11239.526 "
"52049.237 ","11222.023 "
"52072.704 ","11205.034 "
"52096.170 ","11188.858 "
"52119.637 ","11174.285 "
"52143.104 ","11161.168 "
"52166.571 ","11149.820 "
"52190.037 ","11139.607 "
"52213.504 ","11129.579 "
"52236.971 ","11118.543 "
"52260.438 ","11105.681 "
"52283.904 ","11089.992 "
"52307.371 ","11072.946 "
"52330.838 ","11056.680 "
"52354.305 ","11042.427 "
"52377.771 ","11030.405 "
"52401.238 ","11017.990 "
"52424.705 ","11004.574 "
"52448.172 ","10989.560 "
"52471.638 ","10975.024 "
"52495.105 ","10962.414 "
"52518.572 ","10951.165 "
"52542.039 ","10941.129 "
"52565.505 ","10932.792 "
"52588.972 ","10925.080 "
"52612.439 ","10914.110 "
"52635.906 ","10899.129 "
"52659.372 ","10884.192 "
"52682.839 ","10871.113 "
"52706.306 ","10856.181 "
"52729.772 ","10835.079 "
"52753.239 ","10809.439 "
"52776.706 ","10784.048 "
"52800.173 ","10759.908 "
"52823.639 ","10736.178 "
"52847.106 ","10712.481 "
"52870.573 ","10691.142 "
"52894.040 ","10680.200 "
"52917.506 ","10678.759 "
"52940.973 ","10678.979 "
"52964.440 ","10673.691 "
"52987.907 ","10661.796 "
"53011.373 ","10647.405 "
"53034.840 ","10630.366 "
"53058.307 ","10609.932 "
"53081.774 ","10582.393 "
"53105.240 ","10554.449 "
"53128.707 ","10534.816 "
"53152.174 ","10518.324 "
"53175.641 ","10504.218 "
"53199.107 ","10493.482 "
"53222.574 ","10483.378 "
"53246.041 ","10472.974 "
"53269.508 ","10461.208 "
"53292.974 ","10451.851 "
"53316.441 ","10447.396 "
"53339.908 ","10446.252 "
"53363.375 ","10445.147 "
"53386.841 ","10442.464 "
"53410.308 ","10437.512 "
"53433.775 ","10428.382 "
"53457.242 ","10410.053 "
"53480.708 ","10385.407 "
"53504.175 ","10360.068 "
"53527.642 ","10339.164 "
"53551.109 ","10321.238 "
"53574.575 ","10303.556 "
"53598.042 ","10288.906 "
"53621.509 ","10274.336 "
"53644.975 ","10253.044 "
"53668.442 ","10230.646 "
"53691.909 ","10213.343 "
"53715.376 ","10194.421 "
"53738.842 ","10176.047 "
"53762.309 ","10159.214 "
"53785.776 ","10142.693 "
"53809.243 ","10125.617 "
"53832.709 ","10107.972 "
"53856.176 ","10090.239 "
"53879.643 ","10074.987 "
"53903.110 ","10063.003 "
"53926.576 ","10051.778 "
"53950.043 ","10041.027 "
"53973.510 ","10032.016 "
"53996.977 ","10022.050 "
"54020.443 ","10008.918 "
"54043.910 ","9994.385 "
"54067.377 ","9978.709 "
"54090.844 ","9961.893 "
"54114.310 ","9944.748 "
"54137.777 ","9928.546 "
"54161.244 ","9913.090 "
"54184.711 ","9895.663 "
"54208.177 ","9879.502 "
"54231.644 ","9869.571 "
"54255.111 ","9859.384 "
"54278.578 ","9845.249 "
"54302.044 ","9827.007 "
"54325.511 ","9807.776 "
"54348.978 ","9790.623 "
"54372.445 ","9773.285 "
"54395.911 ","9755.917 "
"54419.378 ","9738.160 "
"54442.845 ","9719.515 "
"54466.312 ","9700.499 "
"54489.778 ","9682.274 "
"54513.245 ","9665.834 "
"54536.712 ","9651.425 "
"54560.178 ","9638.957 "
"54583.645 ","9628.437 "
"54607.112 ","9618.979 "
"54630.579 ","9609.597 "
"54654.045 ","9598.291 "
"54677.512 ","9583.419 "
"54700.979 ","9567.271 "
"54724.446 ","9551.748 "
"54747.912 ","9536.195 "
"54771.379 ","9518.831 "
"54794.846 ","9497.293 "
"54818.313 ","9472.495 "
"54841.779 ","9449.251 "
"54865.246 ","9430.831 "
"54888.713 ","9416.048 "
"54912.180 ","9401.675 "
"54935.646 ","9385.225 "
"54959.113 ","9366.563 "
"54982.580 ","9346.859 "
"55006.047 ","9327.707 "
"55029.513 ","9310.526 "
"55052.980 ","9295.084 "
"55076.447 ","9280.862 "
"55099.914 ","9267.616 "
"55123.380 ","9255.150 "
"55146.847 ","9242.903 "
"55170.314 ","9229.694 "
"55193.781 ","9215.107 "
"55217.247 ","9198.217 "
"55240.714 ","9179.105 "
"55264.181 ","9158.768 "
"55287.648 ","9139.183 "
"55311.114 ","9120.834 "
"55334.581 ","9103.656 "
"55358.048 ","9088.608 "
"55381.514 ","9075.301 "
"55404.981 ","9062.261 "
"55428.448 ","9048.307 "
"55451.915 ","9035.031 "
"55475.381 ","9023.056 "
"55498.848 ","9009.226 "
"55522.315 ","8990.841 "
"55545.782 ","8969.175 "
"55569.248 ","8947.253 "
"55592.715 ","8926.266 "
"55616.182 ","8905.478 "
"55639.649 ","8884.840 "
"55663.115 ","8865.389 "
"55686.582 ","8847.380 "
"55710.049 ","8830.348 "
"55733.516 ","8813.830 "
"55756.982 ","8796.987 "
"55780.449 ","8779.285 "
"55803.916 ","8760.047 "
"55827.383 ","8740.024 "
"55850.849 ","8720.756 "
"55874.316 ","8702.295 "
"55897.783 ","8683.926 "
"55921.250 ","8666.138 "
"55944.716 ","8649.861 "
"55968.183 ","8634.973 "
"55991.650 ","8620.273 "
"56015.117 ","8605.323 "
"56038.583 ","8589.896 "
"56062.050 ","8571.665 "
"56085.517 ","8550.475 "
"56108.984 ","8527.812 "
"56132.450 ","8506.351 "
"56155.917 ","8488.328 "
"56179.384 ","8473.267 "
"56202.851 ","8459.625 "
"56226.317 ","8446.261 "
"56249.784 ","8434.585 "
"56273.251 ","8423.039 "
"56296.717 ","8408.897 "
"56320.184 ","8391.299 "
"56343.651 ","8371.072 "
"56367.118 ","8347.735 "
"56390.584 ","8321.185 "
"56414.051 ","8294.567 "
"56437.518 ","8270.415 "
"56460.985 ","8250.584 "
"56484.451 ","8234.293 "
"56507.918 ","8217.929 "
"56531.385 ","8196.212 "
"56554.852 ","8170.083 "
"56578.318 ","8145.790 "
"56601.785 ","8125.892 "
"56625.252 ","8109.197 "
"56648.719 ","8095.108 "
"56672.185 ","8084.577 "
"56695.652 ","8076.100 "
"56719.119 ","8066.859 "
"56742.586 ","8056.601 "
"56766.052 ","8045.121 "
"56789.519 ","8030.274 "
"56812.986 ","8011.726 "
"56836.453 ","7991.178 "
"56859.919 ","7969.392 "
"56883.386 ","7945.602 "
"56906.853 ","7920.359 "
"56930.320 ","7894.990 "
"56953.786 ","7871.615 "
"56977.253 ","7851.044 "
"57000.720 ","7831.880 "
"57024.187 ","7808.094 "
"57047.653 ","7776.395 "
"57071.120 ","7743.559 "
"57094.587 ","7717.774 "
"57118.054 ","7700.200 "
"57141.520 ","7684.327 "
"57164.987 ","7666.850 "
"57188.454 ","7649.830 "
"57211.920 ","7636.040 "
"57235.387 ","7624.895 "
"57258.854 ","7614.771 "
"57282.321 ","7603.865 "
"57305.787 ","7592.194 "
"57329.254 ","7578.525 "
"57352.721 ","7562.187 "
"57376.188 ","7545.212 "
"57399.654 ","7528.662 "
"57423.121 ","7511.604 "
"57446.588 ","7492.850 "
"57470.055 ","7473.232 "
"57493.521 ","7453.819 "
"57516.988 ","7430.018 "
"57540.455 ","7398.677 "
"57563.922 ","7362.951 "
"57587.388 ","7331.939 "
"57610.855 ","7312.509 "
"57634.322 ","7302.579 "
"57657.789 ","7295.593 "
"57681.255 ","7287.508 "
"57704.722 ","7280.439 "
"57728.189 ","7274.699 "
"57751.656 ","7266.196 "
"57775.122 ","7249.463 "
"57798.589 ","7227.918 "
"57822.056 ","7205.725 "
"57845.523 ","7182.508 "
"57868.989 ","7158.084 "
"57892.456 ","7135.181 "
"57915.923 ","7118.471 "
"57939.390 ","7107.543 "
"57962.856 ","7100.996 "
"57986.323 ","7095.637 "
"58009.790 ","7086.060 "
"58033.257 ","7068.493 "
"58056.723 ","7043.113 "
"58080.190 ","7015.443 "
"58103.657 ","6987.704 "
"58127.123 ","6957.130 "
"58150.590 ","6923.961 "
"58174.057 ","6895.109 "
"58197.524 ","6874.046 "
"58220.990 ","6856.442 "
"58244.457 ","6838.976 "
"58267.924 ","6825.005 "
"58291.391 ","6818.122 "
"58314.857 ","6812.110 "
"58338.324 ","6800.027 "
"58361.791 ","6779.839 "
"58385.258 ","6746.936 "
"58408.724 ","6701.639 "
"58432.191 ","6648.681 "
"58455.658 ","6598.101 "
"58479.125 ","6563.722 "
"58502.591 ","6545.756 "
"58526.058 ","6536.441 "
"58549.525 ","6532.060 "
"58572.992 ","6515.142 "
"58596.458 ","6484.726 "
"58619.925 ","6454.037 "
"58643.392 ","6421.559 "
"58666.859 ","6391.122 "
"58690.325 ","6366.969 "
"58713.792 ","6348.592 "
"58737.259 ","6330.914 "
"58760.726 ","6306.924 "
"58784.192 ","6276.631 "
"58807.659 ","6245.316 "
"58831.126 ","6220.412 "
"58854.593 ","6205.140 "
"58878.059 ","6196.354 "
"58901.526 ","6190.288 "
"58924.993 ","6183.818 "
"58948.459 ","6174.944 "
"58971.926 ","6162.297 "
"58995.393 ","6144.776 "
"59018.860 ","6122.604 "
"59042.326 ","6096.142 "
"59065.793 ","6067.083 "
"59089.260 ","6038.062 "
"59112.727 ","6011.816 "
"59136.193 ","5989.094 "
"59159.660 ","5966.027 "
"59183.127 ","5939.318 "
"59206.594 ","5908.979 "
"59230.060 ","5879.638 "
"59253.527 ","5855.690 "
"59276.994 ","5838.493 "
"59300.461 ","5827.130 "
"59323.927 ","5819.173 "
"59347.394 ","5812.883 "
"59370.861 ","5805.496 "
"59394.328 ","5794.528 "
"59417.794 ","5778.698 "
"59441.261 ","5757.439 "
"59464.728 ","5729.539 "
"59488.195 ","5696.114 "
"59511.661 ","5661.775 "
"59535.128 ","5631.786 "
"59558.595 ","5606.334 "
"59582.062 ","5581.635 "
"59605.528 ","5554.737 "
"59628.995 ","5524.364 "
"59652.462 ","5493.776 "
"59675.929 ","5467.956 "
"59699.395 ","5450.826 "
"59722.862 ","5440.962 "
"59746.329 ","5432.978 "
"59769.796 ","5422.917 "
"59793.262 ","5409.138 "
"59816.729 ","5391.561 "
"59840.196 ","5369.455 "
"59863.662 ","5343.151 "
"59887.129 ","5314.535 "
"59910.596 ","5286.250 "
"59934.063 ","5260.564 "
"59957.529 ","5236.540 "
"59980.996 ","5211.506 "
"60004.463 ","5183.448 "
"60027.930 ","5152.864 "
"60051.396 ","5122.853 "
"60074.863 ","5096.669 "
"60098.330 ","5077.347 "
"60121.797 ","5064.208 "
"60145.263 ","5052.163 "
"60168.730 ","5036.400 "
"60192.197 ","5013.087 "
"60215.664 ","4982.700 "
"60239.130 ","4948.296 "
"60262.597 ","4911.134 "
"60286.064 ","4870.697 "
"60309.531 ","4827.192 "
"60332.997 ","4786.986 "
"60356.464 ","4755.403 "
"60379.931 ","4733.411 "
"60403.398 ","4719.442 "
"60426.864 ","4710.757 "
"60450.331 ","4704.882 "
"60473.798 ","4698.621 "
"60497.265 ","4690.303 "
"60520.731 ","4676.914 "
"60544.198 ","4656.101 "
"60567.665 ","4627.240 "
"60591.132 ","4592.650 "
"60614.598 ","4555.676 "
"60638.065 ","4518.711 "
"60661.532 ","4484.417 "
"60684.999 ","4450.863 "
"60708.465 ","4416.733 "
"60731.932 ","4384.488 "
"60755.399 ","4359.529 "
"60778.865 ","4344.201 "
"60802.332 ","4334.002 "
"60825.799 ","4323.585 "
"60849.266 ","4308.442 "
"60872.732 ","4285.474 "
"60896.199 ","4254.819 "
"60919.666 ","4217.792 "
"60943.133 ","4178.576 "
"60966.599 ","4141.849 "
"60990.066 ","4108.783 "
"61013.533 ","4078.064 "
"61037.000 ","4048.689 "
"61060.466 ","4023.337 "
"61083.933 ","4004.806 "
"61107.400 ","3993.018 "
"61130.867 ","3985.005 "
"61154.333 ","3977.082 "
"61177.800 ","3965.847 "
"61201.267 ","3949.593 "
"61224.734 ","3927.334 "
"61248.200 ","3897.020 "
"61271.667 ","3859.721 "
"61295.134 ","3821.186 "
"61318.601 ","3786.392 "
"61342.067 ","3754.446 "
"61365.534 ","3721.728 "
"61389.001 ","3687.528 "
"61412.468 ","3655.890 "
"61435.934 ","3631.265 "
"61459.401 ","3613.229 "
"61482.868 ","3595.883 "
"61506.335 ","3570.443 "
"61529.801 ","3535.190 "
"61553.268 ","3493.967 "
"61576.735 ","3451.775 "
"61600.202 ","3412.488 "
"61623.668 ","3377.228 "
"61647.135 ","3347.019 "
"61670.602 ","3322.952 "
"61694.068 ","3305.776 "
"61717.535 ","3294.332 "
"61741.002 ","3285.514 "
"61764.469 ","3276.136 "
"61787.935 ","3262.734 "
"61811.402 ","3241.307 "
"61834.869 ","3211.436 "
"61858.336 ","3175.766 "
"61881.802 ","3137.458 "
"61905.269 ","3097.051 "
"61928.736 ","3056.133 "
"61952.203 ","3020.272 "
"61975.669 ","2993.927 "
"61999.136 ","2976.482 "
"62022.603 ","2962.723 "
"62046.070 ","2946.934 "
"62069.536 ","2923.884 "
"62093.003 ","2889.934 "
"62116.470 ","2841.112 "
"62139.937 ","2782.839 "
"62163.403 ","2727.342 "
"62186.870 ","2683.214 "
"62210.337 ","2652.578 "
"62233.804 ","2631.974 "
"62257.270 ","2619.688 "
"62280.737 ","2608.745 "
"62304.204 ","2590.756 "
"62327.671 ","2562.981 "
"62351.137 ","2527.931 "
"62374.604 ","2491.722 "
"62398.071 ","2458.998 "
"62421.538 ","2430.450 "
"62445.004 ","2398.539 "
"62468.471 ","2358.804 "
"62491.938 ","2314.663 "
"62515.404 ","2274.499 "
"62538.871 ","2240.303 "
"62562.338 ","2205.882 "
"62585.805 ","2169.299 "
"62609.271 ","2133.142 "
"62632.738 ","2102.972 "
"62656.205 ","2079.040 "
"62679.672 ","2056.715 "
"62703.138 ","2030.959 "
"62726.605 ","2001.787 "
"62750.072 ","1973.962 "
"62773.539 ","1951.985 "
"62797.005 ","1936.671 "
"62820.472 ","1925.529 "
"62843.939 ","1914.710 "
"62867.406 ","1898.737 "
"62890.872 ","1875.608 "
"62914.339 ","1846.904 "
"62937.806 ","1815.903 "
"62961.273 ","1786.239 "
"62984.739 ","1759.658 "
"63008.206 ","1733.217 "
"63031.673 ","1703.583 "
"63055.140 ","1668.003 "
"63078.606 ","1628.932 "
"63102.073 ","1589.961 "
"63125.540 ","1553.635 "
"63149.007 ","1520.345 "
"63172.473 ","1486.242 "
"63195.940 ","1451.736 "
"63219.407 ","1420.476 "
"63242.874 ","1395.581 "
"63266.340 ","1371.032 "
"63289.807 ","1336.691 "
"63313.274 ","1291.656 "
"63336.741 ","1242.237 "
"63360.207 ","1189.723 "
"63383.674 ","1121.441 "
"63407.141 ","1030.563 "
"63430.607 ","922.850 "
"63454.074 ","818.213 "
"63477.541 ","736.700 "
"63501.008 ","685.701 "
"63524.474 ","660.654 "
"63547.941 ","643.839 "
"63571.408 ","623.851 "
"63594.875 ","592.563 "
"63618.341 ","553.157 "
"63641.808 ","515.821 "
"63665.275 ","486.695 "
"63688.742 ","465.225 "
"63712.208 ","447.374 "
"63735.675 ","429.820 "
"63759.142 ","406.852 "
"63782.609 ","374.164 "
"63806.075 ","333.306 "
"63829.542 ","289.865 "
"63853.009 ","242.934 "
"63876.476 ","191.969 "
"63899.942 ","143.922 "
"63923.409 ","106.175 "
"63946.876 ","83.066 "
"63970.343 ","72.421 "
"63993.809 ","71.582 "
"64017.276 ","76.430 "
"64040.743 ","80.739 "
"64064.210 ","82.295 "
"64087.676 ","79.981 "
"64111.143 ","74.314 "
"64134.610 ","64.813 "
"64158.077 ","48.185 "
"64181.543 ","25.403 "
"64205.010 ","1.875 "
"64228.477 ","-17.574 "
"64251.944 ","-43.886 "
"64275.410 ","-96.094 "
"64298.877 ","-178.505 "
"64322.344 ","-279.436 "
"64345.810 ","-373.688 "
"64369.277 ","-449.097 "
"64392.744 ","-500.964 "
"64416.211 ","-529.274 "
"64439.677 ","-539.560 "
"64463.144 ","-539.370 "
"64486.611 ","-540.542 "
"64510.078 ","-545.713 "
"64533.544 ","-553.181 "
"64557.011 ","-559.456 "
"64580.478 ","-563.581 "
"64603.945 ","-567.034 "
"64627.411 ","-573.016 "
"64650.878 ","-580.859 "
"64674.345 ","-586.607 "
"64697.812 ","-587.488 "
"64721.278 ","-582.781 "
"64744.745 ","-575.610 "
"64768.212 ","-569.460 "
"64791.679 ","-567.269 "
"64815.145 ","-570.938 "
"64838.612 ","-578.480 "
"64862.079 ","-585.169 "
"64885.546 ","-586.999 "
"64909.012 ","-584.379 "
"64932.479 ","-582.575 "
"64955.946 ","-584.760 "
"64979.413 ","-588.479 "
"65002.879 ","-588.257 "
"65026.346 ","-583.791 "
"65049.813 ","-580.797 "
"65073.280 ","-582.184 "
"65096.746 ","-584.428 "
"65120.213 ","-583.428 "
"65143.680 ","-580.015 "
"65167.147 ","-576.811 "
"65190.613 ","-576.915 "
"65214.080 ","-581.406 "
"65237.547 ","-587.585 "
"65261.013 ","-590.940 "
"65284.480 ","-590.683 "
"65307.947 ","-589.383 "
"65331.414 ","-589.225 "
"65354.880 ","-588.991 "
"65378.347 ","-586.500 "
"65401.814 ","-581.439 "
"65425.281 ","-575.831 "
"65448.747 ","-573.439 "
"65472.214 ","-574.892 "
"65495.681 ","-578.705 "
"65519.148 ","-583.119 "
"65542.614 ","-587.729 "
"65566.081 ","-591.069 "
"65589.548 ","-590.821 "
"65613.015 ","-586.788 "
"65636.481 ","-582.395 "
"65659.948 ","-579.491 "
"65683.415 ","-578.162 "
"65706.882 ","-577.996 "
"65730.348 ","-579.789 "
"65753.815 ","-584.289 "
"65777.282 ","-590.116 "
"65800.749 ","-594.564 "
"65824.215 ","-593.842 "
"65847.682 ","-588.059 "
"65871.149 ","-581.324 "
"65894.616 ","-578.760 "
"65918.082 ","-581.468 "
"65941.549 ","-586.690 "
"65965.016 ","-590.668 "
"65988.483 ","-591.227 "
"66011.949 ","-590.283 "
"66035.416 ","-590.896 "
"66058.883 ","-594.263 "
"66082.350 ","-597.497 "
"66105.816 ","-597.756 "
"66129.283 ","-593.741 "
"66152.750 ","-587.150 "
"66176.216 ","-581.574 "
"66199.683 ","-578.854 "
"66223.150 ","-578.794 "
"66246.617 ","-579.514 "
"66270.083 ","-579.286 "
"66293.550 ","-578.071 "
"66317.017 ","-576.829 "
"66340.484 ","-576.466 "
"66363.950 ","-576.679 "
"66387.417 ","-577.283 "
"66410.884 ","-580.700 "
"66434.351 ","-586.953 "
"66457.817 ","-592.003 "
"66481.284 ","-592.063 "
"66504.751 ","-588.083 "
"66528.218 ","-583.286 "
"66551.684 ","-579.091 "
"66575.151 ","-574.417 "
"66598.618 ","-569.436 "
"66622.085 ","-565.773 "
"66645.551 ","-565.685 "
"66669.018 ","-568.546 "
"66692.485 ","-572.848 "
"66715.952 ","-577.845 "
"66739.418 ","-579.624 "
"66762.885 ","-573.152 "
"66786.352 ","-561.003 "
"66809.819 ","-553.289 "
"66833.285 ","-554.755 "
"66856.752 ","-562.314 "
"66880.219 ","-570.362 "
"66903.686 ","-575.300 "
"66927.152 ","-574.932 "
"66950.619 ","-570.322 "
"66974.086 ","-567.221 "
"66997.552 ","-569.037 "
"67021.019 ","-573.686 "
"67044.486 ","-576.716 "
"67067.953 ","-575.518 "
"67091.419 ","-572.080 "
"67114.886 ","-570.539 "
"67138.353 ","-572.810 "
"67161.820 ","-576.412 "
"67185.286 ","-579.062 "
"67208.753 ","-580.921 "
"67232.220 ","-583.758 "
"67255.687 ","-586.629 "
"67279.153 ","-586.833 "
"67302.620 ","-583.488 "
"67326.087 ","-578.120 "
"67349.554 ","-573.968 "
"67373.020 ","-572.571 "
"67396.487 ","-573.460 "
"67419.954 ","-573.372 "
"67443.421 ","-571.406 "
"67466.887 ","-568.154 "
"67490.354 ","-564.885 "
"67513.821 ","-563.209 "
"67537.288 ","-563.385 "
"67560.754 ","-566.073 "
"67584.221 ","-568.980 "
"67607.688 ","-570.743 "
"67631.155 ","-571.321 "
"67654.621 ","-570.379 "
"67678.088 ","-568.723 "
"67701.555 ","-567.189 "
"67725.022 ","-568.260 "
"67748.488 ","-573.196 "
"67771.955 ","-579.716 "
"67795.422 ","-583.325 "
"67818.889 ","-581.269 "
"67842.355 ","-577.026 "
"67865.822 ","-574.480 "
"67889.289 ","-573.622 "
"67912.755 ","-571.409 "
"67936.222 ","-568.174 "
"67959.689 ","-566.392 "
"67983.156 ","-566.747 "
"68006.622 ","-566.676 "
"68030.089 ","-565.617 "
"68053.556 ","-565.518 "
"68077.023 ","-567.547 "
"68100.489 ","-570.252 "
"68123.956 ","-570.302 "
"68147.423 ","-568.484 "
"68170.890 ","-566.513 "
"68194.356 ","-567.724 "
"68217.823 ","-571.578 "
"68241.290 ","-575.491 "
"68264.757 ","-577.567 "
"68288.223 ","-578.035 "
"68311.690 ","-577.871 "
"68335.157 ","-576.439 "
"68358.624 ","-573.155 "
"68382.090 ","-568.671 "
"68405.557 ","-564.961 "
"68429.024 ","-565.362 "
"68452.491 ","-571.222 "
"68475.957 ","-580.030 "
"68499.424 ","-586.523 "
"68522.891 ","-585.825 "
"68546.358 ","-579.337 "
"68569.824 ","-572.193 "
"68593.291 ","-568.167 "
"68616.758 ","-567.190 "
"68640.225 ","-567.810 "
"68663.691 ","-570.898 "
"68687.158 ","-575.618 "
"68710.625 ","-578.151 "
"68734.092 ","-576.023 "
"68757.558 ","-570.739 "
"68781.025 ","-567.769 "
"68804.492 ","-569.823 "
"68827.958 ","-575.440 "
"68851.425 ","-579.098 "
"68874.892 ","-578.065 "
"68898.359 ","-574.224 "
"68921.825 ","-571.020 "
"68945.292 ","-571.278 "
"68968.759 ","-572.879 "
"68992.226 ","-574.100 "
"69015.692 ","-572.599 "
"69039.159 ","-569.453 "
"69062.626 ","-567.532 "
"69086.093 ","-568.001 "
"69109.559 ","-571.678 "
"69133.026 ","-574.181 "
"69156.493 ","-572.783 "
"69179.960 ","-568.244 "
"69203.426 ","-565.335 "
"69226.893 ","-566.133 "
"69250.360 ","-566.582 "
"69273.827 ","-564.424 "
"69297.293 ","-561.131 "
"69320.760 ","-558.562 "
"69344.227 ","-556.889 "
"69367.694 ","-556.672 "
"69391.160 ","-558.368 "
"69414.627 ","-561.323 "
"69438.094 ","-564.070 "
"69461.561 ","-566.845 "
"69485.027 ","-569.168 "
"69508.494 ","-570.073 "
"69531.961 ","-570.187 "
"69555.428 ","-571.934 "
"69578.894 ","-575.876 "
"69602.361 ","-579.322 "
"69625.828 ","-580.489 "
"69649.295 ","-577.789 "
"69672.761 ","-572.612 "
"69696.228 ","-567.201 "
"69719.695 ","-563.517 "
"69743.161 ","-561.948 "
"69766.628 ","-560.477 "
"69790.095 ","-558.189 "
"69813.562 ","-556.332 "
"69837.028 ","-556.438 "
"69860.495 ","-558.473 "
"69883.962 ","-562.656 "
"69907.429 ","-565.974 "
"69930.895 ","-566.712 "
"69954.362 ","-565.947 "
"69977.829 ","-567.174 "
"70001.296 ","-572.718 "
"70024.762 ","-577.319 "
"70048.229 ","-576.429 "
"70071.696 ","-569.956 "
"70095.163 ","-562.678 "
"70118.629 ","-560.912 "
"70142.096 ","-567.555 "
"70165.563 ","-580.398 "
"70189.030 ","-592.991 "
"70212.496 ","-596.482 "
"70235.963 ","-588.459 "
"70259.430 ","-575.881 "
"70282.897 ","-566.967 "
"70306.363 ","-564.609 "
"70329.830 ","-565.006 "
"70353.297 ","-565.719 "
"70376.764 ","-566.212 "
"70400.230 ","-567.786 "
"70423.697 ","-570.943 "
"70447.164 ","-574.141 "
"70470.631 ","-573.636 "
"70494.097 ","-567.493 "
"70517.564 ","-558.788 "
"70541.031 ","-554.097 "
"70564.497 ","-557.052 "
"70587.964 ","-563.965 "
"70611.431 ","-571.223 "
"70634.898 ","-577.699 "
"70658.364 ","-581.872 "
"70681.831 ","-579.501 "
"70705.298 ","-571.319 "
"70728.765 ","-566.469 "
"70752.231 ","-568.871 "
"70775.698 ","-570.889 "
"70799.165 ","-566.004 "
"70822.632 ","-558.047 "
"70846.098 ","-554.858 "
"70869.565 ","-558.003 "
"70893.032 ","-564.874 "
"70916.499 ","-575.070 "
"70939.965 ","-585.425 "
"70963.432 ","-590.798 "
"70986.899 ","-586.841 "
"71010.366 ","-576.765 "
"71033.832 ","-568.113 "
"71057.299 ","-565.257 "
"71080.766 ","-567.293 "
"71104.233 ","-569.955 "
"71127.699 ","-573.087 "
"71151.166 ","-575.684 "
"71174.633 ","-575.389 "
"71198.100 ","-571.548 "
"71221.566 ","-566.328 "
"71245.033 ","-563.504 "
"71268.500 ","-563.158 "
"71291.967 ","-563.689 "
"71315.433 ","-564.289 "
"71338.900 ","-564.337 "
